+ACI-id+ACI-,+ACI-product+AF8-text+ACI-,+ACI-retailer+ACI-,+ACI-category+ACI-
14767,+ACI-HTGFCHK THG BI VPPC+ACI-,+ACI-Kroger+ACI-,
14768,+ACI-CMBOS SNACKS+ACI-,+ACI-Kroger+ACI-,
14769,+ACI-AVE CONDITIONER+ACI-,+ACI-Kroger+ACI-,
14770,+ACI-DEC FUEL POINIS REMAINING+ACI-,+ACI-Kroger+ACI-,
14771,+ACI-RRNIRICE MX+ACI-,+ACI-Kroger+ACI-,
14772,+ACI-ECPN STOUFFERS+ACI-,+ACI-Kroger+ACI-,
14773,+ACI-RAMN NOODLE C+ACI-,+ACI-Kroger+ACI-,
14774,+ACI-S BABY WIPES+ACI-,+ACI-Kroger+ACI-,
14775,+ACI-SSSS+ACI-,+ACI-Kroger+ACI-,
14776,+ACI-PARTICIPATNG ITEMS+ACI-,+ACI-Kroger+ACI-,
14777,+ACI-HRSHYMILK CHO BARPC+ACI-,+ACI-Kroger+ACI-,
14778,+ACI-RRD SUMMER FUL2X PTS+ACI-,+ACI-Kroger+ACI-,
14779,+ACI-C20 CCNTWTR+ACI-,+ACI-Kroger+ACI-,
14780,+ACI-1 3500 OSCM LUNCHABLE+ACI-,+ACI-Kroger+ACI-,
14781,+ACI-PFRM GOLDFISH CRKRPC+ACI-,+ACI-Kroger+ACI-,
14782,+ACI-DOLE FRUITCUP PPC+ACI-,+ACI-Kroger+ACI-,
14783,+ACI-2 FOR 469+ACI-,+ACI-Publix+ACI-,
14784,+ACI-RSTA+ACI-,+ACI-Kroger+ACI-,
14785,+ACI-KKRGER SAING+ACI-,+ACI-Kroger+ACI-,
14786,+ACI-PBX GENOASALAMI+ACI-,+ACI-Publix+ACI-,
14787,+ACI-ECPN PETERP+ACI-,+ACI-Kroger+ACI-,
14788,+ACI-KR CB HAVARTISLC+ACI-,+ACI-Publix+ACI-,
14789,+ACI-TN PRD SSG ROLLL+ACI-,+ACI-Kroger+ACI-,
14790,+ACI-PSST MX NUTS+ACI-,+ACI-Kroger+ACI-,
14791,+ACI-E PICANTE+ACI-,+ACI-Kroger+ACI-,
14792,+ACI-COUNTRY GRVY MIX+ACI-,+ACI-Publix+ACI-,
14793,+ACI-PENNERGTE+ACI-,+ACI-Kroger+ACI-,
14794,+ACI-PPBX CHKN WINGS+ACI-,+ACI-Publix+ACI-,
14795,+ACI-KNORR CHICKEN FLAV+ACI-,+ACI-Publix+ACI-,
14796,+ACI-PUBCCREAM OFCCHICK+ACI-,+ACI-Kroger+ACI-,
14797,+ACI-PPLBRY BROWNIE MIX+ACI-,+ACI-Kroger+ACI-,
14798,+ACI-BBTYC POTATOES PPC+ACI-,+ACI-Kroger+ACI-,
14799,+ACI-KRO FRZ CAUL PPC+ACI-,+ACI-Kroger+ACI-,
14800,+ACI-CIILANTRO+ACI-,+ACI-Safeway+ACI-,
14801,+ACI-K CEREAL+ACI-,+ACI-Kroger+ACI-,
14802,+ACI-OIDA FRZN FRIES+ACI-,+ACI-Publix+ACI-,
14803,+ACI-ROGRESSO SOUP PPC+ACI-,+ACI-Kroger+ACI-,
14804,+ACI-SELECT VEG+ACI-,+ACI-Kroger+ACI-,
14805,+ACI-ROGR SAINGS+ACI-,+ACI-Kroger+ACI-,
14806,+ACI-SST MSHROOM+ACI-,+ACI-Kroger+ACI-,
14807,+ACI-1 5F0R 500+ACI-,+ACI-Kroger+ACI-,
14808,+ACI-MICH MACCHS+ACI-,+ACI-Kroger+ACI-,
14809,+ACI-KERNEL SEASONS SSN+ACI-,+ACI-Publix+ACI-,
14810,+ACI-HTOT4 APLE SQUASHH+ACI-,+ACI-Publix+ACI-,
14811,+ACI-GR GRADUATES+ACI-,+ACI-Publix+ACI-,
14812,+ACI-GROUND CHICKEN+ACI-,+ACI-Kroger+ACI-,
14813,+ACI-C FZ MEAL+ACI-,+ACI-Kroger+ACI-,
14814,+ACI-SC KRO CHEESE 199+ACI-,+ACI-Kroger+ACI-,
14815,+ACI-RETURN VALUE+ACI-,+ACI-Kroger+ACI-,
14816,+ACI-KRO HT CH SN+ACI-,+ACI-Kroger+ACI-,
14817,+ACI-LLIMITTONE 50 FUELPTTBONUS PER 7+ACI-,+ACI-Kroger+ACI-,
14818,+ACI-1 22F0R 500+ACI-,+ACI-Publix+ACI-,
14819,+ACI-TMEAL+ACI-,+ACI-Publix+ACI-,
14820,+ACI-PREGO READY MEALS+ACI-,+ACI-Kroger+ACI-,
14821,+ACI-SUAVELOTION+ACI-,+ACI-Publix+ACI-,
14822,+ACI-ACANCE+ACI-,+ACI-Kroger+ACI-,
14823,+ACI-ENTM CAKES+ACI-,+ACI-Kroger+ACI-,
14824,+ACI-KRMA PNUTBTR+ACI-,+ACI-Kroger+ACI-,
14825,+ACI-OTIS CHO CHP MFFN+ACI-,+ACI-Kroger+ACI-,
14826,+ACI-ST PROTEIN BAR+ACI-,+ACI-Publix+ACI-,
14827,+ACI-ALL LNDRY DTRG PPC+ACI-,+ACI-Kroger+ACI-,
14828,+ACI-IMPR PWD SGR+ACI-,+ACI-Kroger+ACI-,
14829,+ACI-WIITHORLOW+ACI-,+ACI-Kroger+ACI-,
14830,+ACI-7 UPCCHERRY+ACI-,+ACI-Publix+ACI-,
14831,+ACI-LLIMIT ONE 50 FUELPTBNUS PER+ACI-,+ACI-Kroger+ACI-,
14832,+ACI-BERLYCL OLIVES+ACI-,+ACI-Kroger+ACI-,
14833,+ACI-DDM CUTCGREEN BEANS+ACI-,+ACI-Publix+ACI-,
14834,+ACI-SWEEEPSTAKES+ACI-,+ACI-Kroger+ACI-,
14835,+ACI-FFS+ACI-,+ACI-Kroger+ACI-,
14836,+ACI-PZA+ACI-,+ACI-Kroger+ACI-,
14837,+ACI-NSTL+ACI-,+ACI-Kroger+ACI-,
14838,+ACI-ST DISH SOAP+ACI-,+ACI-Kroger+ACI-,
14839,+ACI-KRO BLEACH PPC+ACI-,+ACI-Kroger+ACI-,
14840,+ACI-GM COCOA PUFFS PPC+ACI-,+ACI-Kroger+ACI-,
14841,+ACI-PGPR CHBBRST+ACI-,+ACI-Kroger+ACI-,
14842,+ACI-REAMER+ACI-,+ACI-Kroger+ACI-,
14843,+ACI-WT POTATOS SWTWHT+ACI-,+ACI-Kroger+ACI-,
14844,+ACI-PURINA CAT FOOD+ACI-,+ACI-Kroger+ACI-,
14845,+ACI-SMOKED TURKEY BRSTT+ACI-,+ACI-Kroger+ACI-,
14846,+ACI-PLMTCHEESE+ACI-,+ACI-Kroger+ACI-,
14847,+ACI-PRSLHRD SLM GNG+ACI-,+ACI-Kroger+ACI-,
14848,+ACI-CHWY PPRMNTMENTOS+ACI-,+ACI-Publix+ACI-,
14849,+ACI-KKRO DRINK MX+ACI-,+ACI-Kroger+ACI-,
14850,+ACI-WT BROCCCROWNS+ACI-,+ACI-Kroger+ACI-,
14851,+ACI-TSAVINS+ACI-,+ACI-Kroger+ACI-,
14852,+ACI-FLOSSER+ACI-,+ACI-Kroger+ACI-,
14853,+ACI-1 2 FOR 197+ACI-,+ACI-Publix+ACI-,
14854,+ACI-KRO DSNFC WP+ACI-,+ACI-Kroger+ACI-,
14855,+ACI-HEINZ 57 SAUCE+ACI-,+ACI-Kroger+ACI-,
14856,+ACI-SPCL K CHDR CRK+ACI-,+ACI-Publix+ACI-,
14857,+ACI-PPAM CKG SPRY+ACI-,+ACI-Kroger+ACI-,
14858,+ACI-M SCAMED CUPON+ACI-,+ACI-Kroger+ACI-,
14859,+ACI-BE FZN VEGETBL SF+ACI-,+ACI-Publix+ACI-,
14860,+ACI-TKY GRND+ACI-,+ACI-Kroger+ACI-,
14861,+ACI-E 2 FOR 600+ACI-,+ACI-Publix+ACI-,
14862,+ACI-OREGANO+ACI-,+ACI-Kroger+ACI-,
14863,+ACI-HTGF CHK THIIGHH+ACI-,+ACI-Kroger+ACI-,
14864,+ACI-CASCADE RINSE AID+ACI-,+ACI-Publix+ACI-,
14865,+ACI-GHIR COOKIE MIX+ACI-,+ACI-Kroger+ACI-,
14866,+ACI-BLACKBERRIIES+ACI-,+ACI-Publix+ACI-,
14867,+ACI-CAMP SPAGHETTIIOS+ACI-,+ACI-Publix+ACI-,
14868,+ACI-STRAWBERRIES LLB+ACI-,+ACI-Kroger+ACI-,
14869,+ACI-OLE MANDARN ORNGS+ACI-,+ACI-Kroger+ACI-,
14870,+ACI-AOFRSH TOOTHPASTE+ACI-,+ACI-Kroger+ACI-,
14871,+ACI-TILX CLEANER+ACI-,+ACI-Publix+ACI-,
14872,+ACI-KKROGER PLUS CUSOMER+ACI-,+ACI-Kroger+ACI-,
14873,+ACI-EARN 5+ACI-,+ACI-Kroger+ACI-,
14874,+ACI-N CHKN NUGGETS+ACI-,+ACI-Kroger+ACI-,
14875,+ACI-SNMD RAISINS CR+ACI-,+ACI-Publix+ACI-,
14876,+ACI-BBO SUMMEREFUEL+ACI-,+ACI-Kroger+ACI-,
14877,+ACI-GOBSTOPR+ACI-,+ACI-Kroger+ACI-,
14878,+ACI-KRO BROWN RIICE+ACI-,+ACI-Kroger+ACI-,
14879,+ACI-BBRHD HAVARTI+ACI-,+ACI-Kroger+ACI-,
14880,+ACI-ONIONS SHT+ACI-,+ACI-Kroger+ACI-,
14881,+ACI-KRO PIIMENTO+ACI-,+ACI-Kroger+ACI-,
14882,+ACI-OCSP CRAN GRAPE JC+ACI-,+ACI-Kroger+ACI-,
14883,+ACI-SNMO RAISINS+ACI-,+ACI-Kroger+ACI-,
14884,+ACI-SIG FARMS POTATOES+ACI-,+ACI-Safeway+ACI-,
14885,+ACI-FBRZ DIFFUSER+ACI-,+ACI-Kroger+ACI-,
14886,+ACI-APPLE CHSE PRETZ+ACI-,+ACI-Kroger+ACI-,
14887,+ACI-DEBIT 29+ACI-,+ACI-Kroger+ACI-,
14888,+ACI-KRO VEG TRAY+ACI-,+ACI-Kroger+ACI-,
14889,+ACI-DDELMNTCORN+ACI-,+ACI-Kroger+ACI-,
14890,+ACI-CRUNCHY ROLL SP+ACI-,+ACI-Kroger+ACI-,
14891,+ACI-ANG SFTDDBLERLL 4+ACI-,+ACI-Kroger+ACI-,
14892,+ACI-PS ANGS+ACI-,+ACI-Kroger+ACI-,
14893,+ACI-HMK PARTY+ACI-,+ACI-Safeway+ACI-,
14894,+ACI-SEAC COD+ACI-,+ACI-Publix+ACI-,
14895,+ACI-SC KKRGER SAING+ACI-,+ACI-Publix+ACI-,
14896,+ACI-BUTTERMLK+ACI-,+ACI-Kroger+ACI-,
14897,+ACI-HONEY BEAR+ACI-,+ACI-Kroger+ACI-,
14898,+ACI-LEMI SHINE+ACI-,+ACI-Publix+ACI-,
14899,+ACI-SWTDBABY RAYS HNY+ACI-,+ACI-Publix+ACI-,
14900,+ACI-CHICKEN BRST PPC+ACI-,+ACI-Kroger+ACI-,
14901,+ACI-FINISH GELPAC ORNG+ACI-,+ACI-Kroger+ACI-,
14902,+ACI-N ICE STRWBRY+ACI-,+ACI-Kroger+ACI-,
14903,+ACI-BBC STFFD BURGERS+ACI-,+ACI-Publix+ACI-,
14904,+ACI-KRO TAMALES+ACI-,+ACI-Kroger+ACI-,
14905,+ACI-PPRNGL NACHO CHS+ACI-,+ACI-Kroger+ACI-,
14906,+ACI-EER GRAVY MIX+ACI-,+ACI-Kroger+ACI-,
14907,+ACI-PSSTPAPRIKA+ACI-,+ACI-Kroger+ACI-,
14908,+ACI-PC 0 M LNCHABLE+ACI-,+ACI-Kroger+ACI-,
14909,+ACI-KRO VITDD WHLMMILKPC+ACI-,+ACI-Kroger+ACI-,
14910,+ACI-TARTAR SAUCE+ACI-,+ACI-Publix+ACI-,
14911,+ACI-ORV RED PCRN BTR+ACI-,+ACI-Publix+ACI-,
14912,+ACI-A LA 0R SAUCE+ACI-,+ACI-Kroger+ACI-,
14913,+ACI-LIAIT ONE 50 FUELPT BONUS PER+ACI-,+ACI-Kroger+ACI-,
14914,+ACI-WRGLY EXTRA PLRI+ACI-,+ACI-Kroger+ACI-,
14915,+ACI-KRO GRT NOR BEANS+ACI-,+ACI-Kroger+ACI-,
14916,+ACI-Y TEA BAG+ACI-,+ACI-Kroger+ACI-,
14917,+ACI-KRO SAND BG PPC+ACI-,+ACI-Kroger+ACI-,
14918,+ACI-SC KOR SVINS+ACI-,+ACI-Kroger+ACI-,
14919,+ACI-KKRO ELBOW MAC+ACI-,+ACI-Kroger+ACI-,
14920,+ACI-KKROGER CORN DOGS+ACI-,+ACI-Kroger+ACI-,
14921,+ACI-ALWAYS+ACI-,+ACI-Kroger+ACI-,
14922,+ACI-VSCNTI TOMATOES+ACI-,+ACI-Kroger+ACI-,
14923,+ACI-BBO RRANGER TICKETS+ACI-,+ACI-Kroger+ACI-,
14924,+ACI-0S CRANRASPJUICE+ACI-,+ACI-Publix+ACI-,
14925,+ACI-SC KOER SWINS+ACI-,+ACI-Publix+ACI-,
14926,+ACI-1 2 FOR 345+ACI-,+ACI-Kroger+ACI-,
14927,+ACI-KKRAFTBBBQ SAUCE+ACI-,+ACI-Kroger+ACI-,
14928,+ACI-R GRANOLABAR+ACI-,+ACI-Kroger+ACI-,
14929,+ACI-STO SLICED PEARS+ACI-,+ACI-Kroger+ACI-,
14930,+ACI-KRO YGRTTTUBES+ACI-,+ACI-Kroger+ACI-,
14931,+ACI-KRO PLST CUP+ACI-,+ACI-Kroger+ACI-,
14932,+ACI-S RICE+ACI-,+ACI-Kroger+ACI-,
14933,+ACI-DBFRONI+ACI-,+ACI-Kroger+ACI-,
14934,+ACI-OER SVNGS+ACI-,+ACI-Kroger+ACI-,
14935,+ACI-MICH TRYKI CKN+ACI-,+ACI-Kroger+ACI-,
14936,+ACI-REE PAD+ACI-,+ACI-Kroger+ACI-,
14937,+ACI-DWNY FAB SFTT+ACI-,+ACI-Kroger+ACI-,
14938,+ACI-LUYCHABLES FUN PK+ACI-,+ACI-Safeway+ACI-,
14939,+ACI-KKROGER COFFEE+ACI-,+ACI-Kroger+ACI-,
14940,+ACI-E YOGURT PPC+ACI-,+ACI-Kroger+ACI-,
14941,+ACI-COOKING SPINACH+ACI-,+ACI-Publix+ACI-,
14942,+ACI-AVTNGS+ACI-,+ACI-Kroger+ACI-,
14943,+ACI-TOOTHBRUSH+ACI-,+ACI-Kroger+ACI-,
14944,+ACI-LYSOL TBC+ACI-,+ACI-Kroger+ACI-,
14945,+ACI-GIORGIO MUSHROOMS+ACI-,+ACI-Publix+ACI-,
14946,+ACI-2 FOR 179+ACI-,+ACI-Kroger+ACI-,
14947,+ACI-REEDEEEM 100PTTS T0 SAVE+ACI-,+ACI-Kroger+ACI-,
14948,+ACI-BBFG COOKIE PPC+ACI-,+ACI-Kroger+ACI-,
14949,+ACI-ORAL B TOOTHBRUSH+ACI-,+ACI-Kroger+ACI-,
14950,+ACI-S WATER+ACI-,+ACI-Kroger+ACI-,
14951,+ACI-OGER SAVING8+ACI-,+ACI-Kroger+ACI-,
14952,+ACI-CSCD DIISH PACS+ACI-,+ACI-Kroger+ACI-,
14953,+ACI-EBTTFOOD+ACI-,+ACI-Kroger+ACI-,
14954,+ACI-LLJUN 2017KC AND 12 JUN+ACI-,+ACI-Kroger+ACI-,
14955,+ACI-DDELM CARROTS+ACI-,+ACI-Publix+ACI-,
14956,+ACI-NOOSARASPBRY 80Z+ACI-,+ACI-Publix+ACI-,
14957,+ACI-BBFG ANGL FD PPC+ACI-,+ACI-Kroger+ACI-,
14958,+ACI-KROER SVNS+ACI-,+ACI-Publix+ACI-,
14959,+ACI-HTGFCHK BRST PPC+ACI-,+ACI-Kroger+ACI-,
14960,+ACI-PUBLIX GARBANZO BN+ACI-,+ACI-Publix+ACI-,
14961,+ACI-1 FR 00+ACI-,+ACI-Publix+ACI-,
14962,+ACI-KRO RT BEER+ACI-,+ACI-Kroger+ACI-,
14963,+ACI-OFFEREXPIIRES+ACI-,+ACI-Publix+ACI-,
14964,+ACI-ECPN TYSON STRIPS+ACI-,+ACI-Kroger+ACI-,
14965,+ACI-YOUR SAVINGS+ACI-,+ACI-Kroger+ACI-,
14966,+ACI-LTDB SWISS ROLLS+ACI-,+ACI-Kroger+ACI-,
14967,+ACI-CHHANNGE+ACI-,+ACI-Kroger+ACI-,
14968,+ACI-ST SALAD+ACI-,+ACI-Kroger+ACI-,
14969,+ACI-KR CHESE+ACI-,+ACI-Kroger+ACI-,
14970,+ACI-HELLMANNS WOLV 0+ACI-,+ACI-Publix+ACI-,
14971,+ACI-PBX 0R TKY BRSTT+ACI-,+ACI-Publix+ACI-,
14972,+ACI-BUSHHHMSTYL BK BNS+ACI-,+ACI-Publix+ACI-,
14973,+ACI-SAUCE C+ACI-,+ACI-Kroger+ACI-,
14974,+ACI-MINUTE RTS JASMINE+ACI-,+ACI-Publix+ACI-,
14975,+ACI-HAIR INSURANCE+ACI-,+ACI-Publix+ACI-,
14976,+ACI-PS CHUCK PTI+ACI-,+ACI-Kroger+ACI-,
14977,+ACI-WT 40111 BANANAS+ACI-,+ACI-Kroger+ACI-,
14978,+ACI-ALPO DOG F00D C+ACI-,+ACI-Kroger+ACI-,
14979,+ACI-KRO SNK MEDLEY PPC+ACI-,+ACI-Kroger+ACI-,
14980,+ACI-TWO YALLID FORMS+ACI-,+ACI-Kroger+ACI-,
14981,+ACI-KRO GRAVY PPC+ACI-,+ACI-Publix+ACI-,
14982,+ACI-FFNCY FEASTCCATFOOD+ACI-,+ACI-Kroger+ACI-,
14983,+ACI-0M APLWD SMK TRKY+ACI-,+ACI-Publix+ACI-,
14984,+ACI-E TOMATO+ACI-,+ACI-Kroger+ACI-,
14985,+ACI-FZ 0J+ACI-,+ACI-Kroger+ACI-,
14986,+ACI-KRO OYSTERS+ACI-,+ACI-Kroger+ACI-,
14987,+ACI-S KETCHUP+ACI-,+ACI-Publix+ACI-,
14988,+ACI-0 TORTILLA+ACI-,+ACI-Kroger+ACI-,
14989,+ACI-SLIM JIM ORIG+ACI-,+ACI-Publix+ACI-,
14990,+ACI-ECPN STO BEANS+ACI-,+ACI-Kroger+ACI-,
14991,+ACI-R BOLOGNA+ACI-,+ACI-Kroger+ACI-,
14992,+ACI-WTT APL GOLDEN EURO+ACI-,+ACI-Kroger+ACI-,
14993,+ACI-BBLTH COFFEE+ACI-,+ACI-Kroger+ACI-,
14994,+ACI-SUAVE KIDS DETNGLR+ACI-,+ACI-Kroger+ACI-,
14995,+ACI-N THE NEXT+ACI-,+ACI-Kroger+ACI-,
14996,+ACI-ECPN TOTINO+ACI-,+ACI-Kroger+ACI-,
14997,+ACI-NRTHLND BBBBACAI+ACI-,+ACI-Publix+ACI-,
14998,+ACI-MEATLOAF+ACI-,+ACI-Publix+ACI-,
14999,+ACI-P SPAGHETTIOS PPC+ACI-,+ACI-Kroger+ACI-,
15000,+ACI-AYS FM SZ S C 0N+ACI-,+ACI-Kroger+ACI-,
15001,+ACI-SKNNYGRL BAR+ACI-,+ACI-Kroger+ACI-,
15002,+ACI-CABOT XSHP CHBAR+ACI-,+ACI-Publix+ACI-,
15003,+ACI-PPIONEER GRAVYMIX+ACI-,+ACI-Kroger+ACI-,
15004,+ACI-APPLESCE+ACI-,+ACI-Kroger+ACI-,
15005,+ACI-S HAIR SPRAY+ACI-,+ACI-Kroger+ACI-,
15006,+ACI-GGL FAB SFTNR+ACI-,+ACI-Kroger+ACI-,
15007,+ACI-CB CLSC GRAVY MIX+ACI-,+ACI-Publix+ACI-,
15008,+ACI-KRO TARTAR SAUCE+ACI-,+ACI-Publix+ACI-,
15009,+ACI-FISHER CHOP WALNUT+ACI-,+ACI-Publix+ACI-,
15010,+ACI-NOW HIRIN+ACI-,+ACI-Kroger+ACI-,
15011,+ACI-IMAL SMOOTHIE+ACI-,+ACI-Kroger+ACI-,
15012,+ACI-PUB SSD CATFOOD+ACI-,+ACI-Publix+ACI-,
15013,+ACI-WT W W SWT YLW ONIONS+ACI-,+ACI-Safeway+ACI-,
15014,+ACI-WOMAN S WORLD+ACI-,+ACI-Publix+ACI-,
15015,+ACI-KRO WAFFLES PPC+ACI-,+ACI-Kroger+ACI-,
15016,+ACI-TGARLIC POWDER+ACI-,+ACI-Kroger+ACI-,
15017,+ACI-DR MCDOUGALL SOUP+ACI-,+ACI-Publix+ACI-,
15018,+ACI-FF TNDR BEEF+ACI-,+ACI-Publix+ACI-,
15019,+ACI-GRNBBN+ACI-,+ACI-Kroger+ACI-,
15020,+ACI-PINTO BEANS+ACI-,+ACI-Kroger+ACI-,
15021,+ACI-RRANCH STYLEEBEANS+ACI-,+ACI-Kroger+ACI-,
15022,+ACI-PGPR CKN BSTGRD A+ACI-,+ACI-Publix+ACI-,
15023,+ACI-DDELMNT GREEN BEAN+ACI-,+ACI-Kroger+ACI-,
15024,+ACI-CORN WHITE PPC+ACI-,+ACI-Kroger+ACI-,
15025,+ACI-RESSO SOUP+ACI-,+ACI-Publix+ACI-,
15026,+ACI-THESE POIIN7S EXPIRE+ACI-,+ACI-Kroger+ACI-,
15027,+ACI-POTATOES SWEET MIC+ACI-,+ACI-Publix+ACI-,
15028,+ACI-CHICKEN UPC 0007007700107+ACI-,+ACI-Kroger+ACI-,
15029,+ACI-EGGO WAFFLERS L6CTPC+ACI-,+ACI-Kroger+ACI-,
15030,+ACI-WITH URLLOW+ACI-,+ACI-Kroger+ACI-,
15031,+ACI-PAM OLV OIL+ACI-,+ACI-Publix+ACI-,
15032,+ACI-BH BLCK FORESTHAM+ACI-,+ACI-Kroger+ACI-,
15033,+ACI-WLLMS SEASONING+ACI-,+ACI-Kroger+ACI-,
15034,+ACI-ROGER FREEZER BAG+ACI-,+ACI-Kroger+ACI-,
15035,+ACI-BBIG K DIETCOLAA+ACI-,+ACI-Kroger+ACI-,
15036,+ACI-KKRO LEMON JUICE+ACI-,+ACI-Kroger+ACI-,
15037,+ACI-VB SPLSHH+ACI-,+ACI-Kroger+ACI-,
15038,+ACI-1 2 FR 50+ACI-,+ACI-Publix+ACI-,
15039,+ACI-WT GRAPES REED+ACI-,+ACI-Kroger+ACI-,
15040,+ACI-WALNUT PCS+ACI-,+ACI-Kroger+ACI-,
15041,+ACI-HOST WINKIE+ACI-,+ACI-Kroger+ACI-,
15042,+ACI-KETJALAPENO CHIPS+ACI-,+ACI-Publix+ACI-,
15043,+ACI-COTTAGE+ACI-,+ACI-Kroger+ACI-,
15044,+ACI-KRO WALNT PC+ACI-,+ACI-Kroger+ACI-,
15045,+ACI-THIS MONTHS POINNTS EXPIIRE+ACI-,+ACI-Kroger+ACI-,
15046,+ACI-HOTSOUP 12 0Z+ACI-,+ACI-Publix+ACI-,
15047,+ACI-R 0F ITEMS+ACI-,+ACI-Kroger+ACI-,
15048,+ACI-BLKEYED PEAS+ACI-,+ACI-Kroger+ACI-,
15049,+ACI-KRO CLNR+ACI-,+ACI-Publix+ACI-,
15050,+ACI-CLRX REFILL+ACI-,+ACI-Kroger+ACI-,
15051,+ACI-KNR PSTA SIDE SPIN+ACI-,+ACI-Publix+ACI-,
15052,+ACI-GARNIER HAIR COLOR+ACI-,+ACI-Kroger+ACI-,
15053,+ACI-BBHMESQ TRKY BRST+ACI-,+ACI-Publix+ACI-,
15054,+ACI-TLL+ACI-,+ACI-Kroger+ACI-,
15055,+ACI-BAKERY+ACI-,+ACI-Publix+ACI-,
15056,+ACI-HERSHEY SPREAD+ACI-,+ACI-Kroger+ACI-,
15057,+ACI-REPRICE+ACI-,+ACI-Safeway+ACI-,
15058,+ACI-HUNTS TOMATOES+ACI-,+ACI-Kroger+ACI-,
15059,+ACI-BEFFECTIIVE AUGUST23+ACI-,+ACI-Kroger+ACI-,
15060,+ACI-FCHK BRST+ACI-,+ACI-Kroger+ACI-,
15061,+ACI-KRO RAVIIOLI+ACI-,+ACI-Kroger+ACI-,
15062,+ACI-K COFFE+ACI-,+ACI-Kroger+ACI-,
15063,+ACI-PPUBLIX BACON PIECE+ACI-,+ACI-Publix+ACI-,
15064,+ACI-SMTBALMARG+ACI-,+ACI-Publix+ACI-,
15065,+ACI-PILLS ROLLS DANISHH+ACI-,+ACI-Kroger+ACI-,
15066,+ACI-PORK CUBED STEAK+ACI-,+ACI-Publix+ACI-,
15067,+ACI-YOPPPEACHH+ACI-,+ACI-Publix+ACI-,
15068,+ACI-BLDM CRACKERS+ACI-,+ACI-Kroger+ACI-,
15069,+ACI-EAS+ACI-,+ACI-Publix+ACI-,
15070,+ACI-SODA 2 LT 100+ACI-,+ACI-Publix+ACI-,
15071,+ACI-PRSLBBREAD PPC+ACI-,+ACI-Kroger+ACI-,
15072,+ACI-FX KRO BANDAGES+ACI-,+ACI-Publix+ACI-,
15073,+ACI-ONE 100 CCNUTWTR+ACI-,+ACI-Publix+ACI-,
15074,+ACI-SOUR PATCH KIIDS+ACI-,+ACI-Kroger+ACI-,
15075,+ACI-STO WHLMLK PPC+ACI-,+ACI-Kroger+ACI-,
15076,+ACI-JIFFY MUFFIIN MIX+ACI-,+ACI-Kroger+ACI-,
15077,+ACI-BARBASOL SHAVE CRM+ACI-,+ACI-Publix+ACI-,
15078,+ACI-PBX AMER SHP SNGLS+ACI-,+ACI-Publix+ACI-,
15079,+ACI-OM LUNCHABLES DIRT+ACI-,+ACI-Kroger+ACI-,
15080,+ACI-BBUMBLE BEE 4 PK+ACI-,+ACI-Publix+ACI-,
15081,+ACI-CAREFREELINERS+ACI-,+ACI-Publix+ACI-,
15082,+ACI-CNFR CELERY+ACI-,+ACI-Kroger+ACI-,
15083,+ACI-TGF WIENERS+ACI-,+ACI-Kroger+ACI-,
15084,+ACI-PUBLIX EGG STIRS+ACI-,+ACI-Kroger+ACI-,
15085,+ACI-DDESSERTS+ACI-,+ACI-Publix+ACI-,
15086,+ACI-BELG FRSH MOZZ SNK+ACI-,+ACI-Publix+ACI-,
15087,+ACI-BBHPEPPERMILL TKY+ACI-,+ACI-Publix+ACI-,
15088,+ACI-WT BBRUSSELS SPROUTS+ACI-,+ACI-Safeway+ACI-,
15089,+ACI-HTGFCHK THI+ACI-,+ACI-Kroger+ACI-,
15090,+ACI-COMETBONUS+ACI-,+ACI-Kroger+ACI-,
15091,+ACI-PUB MINI CHOCCHPS+ACI-,+ACI-Publix+ACI-,
15092,+ACI-R SNSTV BBY W+ACI-,+ACI-Kroger+ACI-,
15093,+ACI-KKLONDIKEEBARS+ACI-,+ACI-Kroger+ACI-,
15094,+ACI-DRINK MIX PPC+ACI-,+ACI-Kroger+ACI-,
15095,+ACI-PEPPRED GRVY MIX+ACI-,+ACI-Publix+ACI-,
15096,+ACI-MICH STIR FR+ACI-,+ACI-Kroger+ACI-,
15097,+ACI-RRADISHES+ACI-,+ACI-Kroger+ACI-,
15098,+ACI-ASSOC DISCOUNTT+ACI-,+ACI-Kroger+ACI-,
15099,+ACI-FUEL POINS THIS+ACI-,+ACI-Publix+ACI-,
15100,+ACI-ONS WHITE+ACI-,+ACI-Kroger+ACI-,
15101,+ACI-MANN GRN LF+ACI-,+ACI-Kroger+ACI-,
15102,+ACI-SPRO RAMEN+ACI-,+ACI-Kroger+ACI-,
15103,+ACI-PBX SPLITBRST+ACI-,+ACI-Kroger+ACI-,
15104,+ACI-AVINGS PC00+ACI-,+ACI-Kroger+ACI-,
15105,+ACI-GREENS+ACI-,+ACI-Kroger+ACI-,
15106,+ACI-WNY FAB SFTNR+ACI-,+ACI-Kroger+ACI-,
15107,+ACI-WT ONIONS WHIITE+ACI-,+ACI-Kroger+ACI-,
15108,+ACI-DDM MIXED VEGETABLE+ACI-,+ACI-Publix+ACI-,
15109,+ACI-WIITH OURRLLOW+ACI-,+ACI-Kroger+ACI-,
15110,+ACI-DOLE MIXATIONS+ACI-,+ACI-Publix+ACI-,
15111,+ACI-MISTY CIG NP+ACI-,+ACI-Kroger+ACI-,
15112,+ACI-F HAM+ACI-,+ACI-Kroger+ACI-,
15113,+ACI-EZITCRACKERS+ACI-,+ACI-Kroger+ACI-,
15114,+ACI-KROGER CROISSANT+ACI-,+ACI-Kroger+ACI-,
15115,+ACI-TGR BAR+ACI-,+ACI-Kroger+ACI-,
15116,+ACI-PC PLBRY CINN R+ACI-,+ACI-Kroger+ACI-,
15117,+ACI-AVINGS 0C49+ACI-,+ACI-Kroger+ACI-,
15118,+ACI-TWIZZLERS BITES+ACI-,+ACI-Kroger+ACI-,
15119,+ACI-KRO CARBMST SMTHHIE+ACI-,+ACI-Kroger+ACI-,
15120,+ACI-JAN FUEL POINIS REMAINING+ACI-,+ACI-Kroger+ACI-,
15121,+ACI-BBEYE MEAL+ACI-,+ACI-Kroger+ACI-,
15122,+ACI-WTT BBANANAS YELLOW+ACI-,+ACI-Safeway+ACI-,
15123,+ACI-PPERONI+ACI-,+ACI-Kroger+ACI-,
15124,+ACI-DDIAL FOAM SOAP+ACI-,+ACI-Kroger+ACI-,
15125,+ACI-HOTSALSA+ACI-,+ACI-Publix+ACI-,
15126,+ACI-PC ROCKSTAR+ACI-,+ACI-Kroger+ACI-,
15127,+ACI-BBNFLDOG F00D+ACI-,+ACI-Kroger+ACI-,
15128,+ACI-HUNTS CHOC FUDGE+ACI-,+ACI-Publix+ACI-,
15129,+ACI-PUBCCINN ROLLS+ACI-,+ACI-Publix+ACI-,
15130,+ACI-22 QTY STRAWBERRI+ACI-,+ACI-Safeway+ACI-,
15131,+ACI-SBR SIGNATURESCE+ACI-,+ACI-Kroger+ACI-,
15132,+ACI-KKROGER SAIGS+ACI-,+ACI-Kroger+ACI-,
15133,+ACI-TKYH PUNCH PPC+ACI-,+ACI-Kroger+ACI-,
15134,+ACI-JD HNS TKY PATTY+ACI-,+ACI-Publix+ACI-,
15135,+ACI-PRCE CHEESE SPRD+ACI-,+ACI-Kroger+ACI-,
15136,+ACI-S TOMATO SAUCE+ACI-,+ACI-Kroger+ACI-,
15137,+ACI-PPBX SPLITBRST+ACI-,+ACI-Publix+ACI-,
15138,+ACI-WT YELLOW SWT ONIONS+ACI-,+ACI-Kroger+ACI-,
15139,+ACI-CANTALOUPESLICED+ACI-,+ACI-Publix+ACI-,
15140,+ACI-SKINTIMATE SHAVE+ACI-,+ACI-Publix+ACI-,
15141,+ACI-FAIRLF RF MILK+ACI-,+ACI-Kroger+ACI-,
15142,+ACI-HRZN MOZZ STICKS+ACI-,+ACI-Kroger+ACI-,
15143,+ACI-KRO LNCH BAG+ACI-,+ACI-Kroger+ACI-,
15144,+ACI-HLTL ENG MFN+ACI-,+ACI-Publix+ACI-,
15145,+ACI-KOGER SAVINGS+ACI-,+ACI-Kroger+ACI-,
15146,+ACI-COLG TRPL ACTN TPPPC+ACI-,+ACI-Kroger+ACI-,
15147,+ACI-KKELL FRSTDMMINI+ACI-,+ACI-Kroger+ACI-,
15148,+ACI-COUPOSS+ACI-,+ACI-Kroger+ACI-,
15149,+ACI-BBDYARMR DRNK PPC+ACI-,+ACI-Kroger+ACI-,
15150,+ACI-EBT CASH BALANCE+ACI-,+ACI-Kroger+ACI-,
15151,+ACI-KBLR ZESTA SALTINE+ACI-,+ACI-Publix+ACI-,
15152,+ACI-PUDDNG+ACI-,+ACI-Publix+ACI-,
15153,+ACI-DM POTATOES+ACI-,+ACI-Publix+ACI-,
15154,+ACI-B SFTNR+ACI-,+ACI-Kroger+ACI-,
15155,+ACI-KKRO GROUND TURKEY+ACI-,+ACI-Kroger+ACI-,
15156,+ACI-WTT BANANAS ORG+ACI-,+ACI-Kroger+ACI-,
15157,+ACI-STRAWBLUE YOG PAR+ACI-,+ACI-Kroger+ACI-,
15158,+ACI-LEMONS PPC+ACI-,+ACI-Kroger+ACI-,
15159,+ACI-CARVEL IC CAKES+ACI-,+ACI-Publix+ACI-,
15160,+ACI-GRIZZLY NP+ACI-,+ACI-Kroger+ACI-,
15161,+ACI-GER SAGINGS+ACI-,+ACI-Kroger+ACI-,
15162,+ACI-PPNAPL COR IS+ACI-,+ACI-Kroger+ACI-,
15163,+ACI-BAN+ACI-,+ACI-Kroger+ACI-,
15164,+ACI-CTO NAPKIINS+ACI-,+ACI-Kroger+ACI-,
15165,+ACI-NT BANANAS GREEN+ACI-,+ACI-Safeway+ACI-,
15166,+ACI-DDIETMTNDEW+ACI-,+ACI-Kroger+ACI-,
15167,+ACI-STO WHLMK+ACI-,+ACI-Kroger+ACI-,
15168,+ACI-R ER+ACI-,+ACI-Kroger+ACI-,
15169,+ACI-SWIPE+ACI-,+ACI-Kroger+ACI-,
15170,+ACI-CLIFBBLDR BR+ACI-,+ACI-Kroger+ACI-,
15171,+ACI-BKRY DESSERT+ACI-,+ACI-Kroger+ACI-,
15172,+ACI-MTN DEWKICKSTARTPC+ACI-,+ACI-Kroger+ACI-,
15173,+ACI-GRDF SALSA PPC+ACI-,+ACI-Kroger+ACI-,
15174,+ACI-VERIFIEDDEAITIN+ACI-,+ACI-Kroger+ACI-,
15175,+ACI-DEBIT 28+ACI-,+ACI-Kroger+ACI-,
15176,+ACI-SC EMPLOYEE 10 X+ACI-,+ACI-Kroger+ACI-,
15177,+ACI-HELADOS BARS+ACI-,+ACI-Kroger+ACI-,
15178,+ACI-KKRO SMKHAM+ACI-,+ACI-Kroger+ACI-,
15179,+ACI-ONS YLW+ACI-,+ACI-Kroger+ACI-,
15180,+ACI-OGER SVINGS+ACI-,+ACI-Kroger+ACI-,
15181,+ACI-E TUNA PPC+ACI-,+ACI-Kroger+ACI-,
15182,+ACI-CHHANGGE+ACI-,+ACI-Publix+ACI-,
15183,+ACI-E CONDITIONER+ACI-,+ACI-Publix+ACI-,
15184,+ACI-2 FOR 30+ACI-,+ACI-Publix+ACI-,
15185,+ACI-PBX SHRP CHD CHUNK+ACI-,+ACI-Kroger+ACI-,
15186,+ACI-KKROGER FRUITT+ACI-,+ACI-Kroger+ACI-,
15187,+ACI-HUNTSNK PK IC SA+ACI-,+ACI-Publix+ACI-,
15188,+ACI-KROGER SLW CKR LNR+ACI-,+ACI-Kroger+ACI-,
15189,+ACI-ORANGES VAL CALIF+ACI-,+ACI-Publix+ACI-,
15190,+ACI-MARTIN HOAGIE ROLL+ACI-,+ACI-Kroger+ACI-,
15191,+ACI-LNFCGRK BOSTON CRM+ACI-,+ACI-Publix+ACI-,
15192,+ACI-ECPN FEBREZE+ACI-,+ACI-Publix+ACI-,
15193,+ACI-SQUP+ACI-,+ACI-Kroger+ACI-,
15194,+ACI-SABRA CLS HUM SNKR+ACI-,+ACI-Kroger+ACI-,
15195,+ACI-ICBINB SPRD COOKIN+ACI-,+ACI-Kroger+ACI-,
15196,+ACI-ES SHAMPOO+ACI-,+ACI-Kroger+ACI-,
15197,+ACI-SWTBABY RAYS HNY+ACI-,+ACI-Kroger+ACI-,
15198,+ACI-PER GALARSHELLON+ACI-,+ACI-Kroger+ACI-,
15199,+ACI-ORALB GLD FLOSS+ACI-,+ACI-Kroger+ACI-,
15200,+ACI-KROMAC SLD+ACI-,+ACI-Kroger+ACI-,
15201,+ACI-SNACK PACK CHOCOLA+ACI-,+ACI-Publix+ACI-,
15202,+ACI-DIISCOUNT NOT AVAILLABLLE IIN+ACI-,+ACI-Kroger+ACI-,
15203,+ACI-R PERFBAR+ACI-,+ACI-Kroger+ACI-,
15204,+ACI-SAVELUP T0+ACI-,+ACI-Kroger+ACI-,
15205,+ACI-CHO LOOPEACHH+ACI-,+ACI-Publix+ACI-,
15206,+ACI-BBCHNT BABY PPC+ACI-,+ACI-Kroger+ACI-,
15207,+ACI-CARRD SAVIINGS+ACI-,+ACI-Kroger+ACI-,
15208,+ACI-BHGENOA SALAMI NC+ACI-,+ACI-Publix+ACI-,
15209,+ACI-ROLLI CANDY+ACI-,+ACI-Kroger+ACI-,
15210,+ACI-VIISIIT WWW+ACI-,+ACI-Kroger+ACI-,
15211,+ACI-HOSTDDONETTES+ACI-,+ACI-Kroger+ACI-,
15212,+ACI-AGE RESTRICTED 21+ACI-,+ACI-Kroger+ACI-,
15213,+ACI-STOMINT ORGNC+ACI-,+ACI-Kroger+ACI-,
15214,+ACI-T ROLL+ACI-,+ACI-Kroger+ACI-,
15215,+ACI-PPRSL BREAD PPC+ACI-,+ACI-Kroger+ACI-,
15216,+ACI-PEPPRNI+ACI-,+ACI-Kroger+ACI-,
15217,+ACI-INTL DELGHTCOFFEEPC+ACI-,+ACI-Kroger+ACI-,
15218,+ACI-MICH RC  BEAN+ACI-,+ACI-Kroger+ACI-,
15219,+ACI-A THE CREDIITOR AND ISSUER+ACI-,+ACI-Kroger+ACI-,
15220,+ACI-KRO APLJCE PPC+ACI-,+ACI-Kroger+ACI-,
15221,+ACI-DH PRFCT SZ CHSCK+ACI-,+ACI-Publix+ACI-,
15222,+ACI-IFFY MUFFIN MIX+ACI-,+ACI-Kroger+ACI-,
15223,+ACI-MMER FUEL 2X PTS+ACI-,+ACI-Kroger+ACI-,
15224,+ACI-OM DEEP DISH PIZZAPC+ACI-,+ACI-Kroger+ACI-,
15225,+ACI-PBX ALL NTL PHILLY+ACI-,+ACI-Publix+ACI-,
15226,+ACI-KRO GR BEEF PPC+ACI-,+ACI-Publix+ACI-,
15227,+ACI-KRO TONC WTR+ACI-,+ACI-Kroger+ACI-,
15228,+ACI-PPUB APL SAUCE UNSW+ACI-,+ACI-Publix+ACI-,
15229,+ACI-PRSL PPRJACK+ACI-,+ACI-Kroger+ACI-,
15230,+ACI-WIITHHIN 7+ACI-,+ACI-Kroger+ACI-,
15231,+ACI-MCCORMICK SALAD TP+ACI-,+ACI-Publix+ACI-,
15232,+ACI-DISH LIQUID+ACI-,+ACI-Kroger+ACI-,
15233,+ACI-MSHRM+ACI-,+ACI-Kroger+ACI-,
15234,+ACI-ANNUAL CCARD+ACI-,+ACI-Kroger+ACI-,
15235,+ACI-ECPN INTCRNDDCRNR+ACI-,+ACI-Kroger+ACI-,
15236,+ACI-TBABY POUCHH+ACI-,+ACI-Kroger+ACI-,
15237,+ACI-PC TTNO PIZZA+ACI-,+ACI-Kroger+ACI-,
15238,+ACI-GRNGNTCCORN PPC+ACI-,+ACI-Kroger+ACI-,
15239,+ACI-SFTSOAPPUMP+ACI-,+ACI-Kroger+ACI-,
15240,+ACI-KKL AIDDDRNKMX+ACI-,+ACI-Kroger+ACI-,
15241,+ACI-DEBITT 0+ACI-,+ACI-Kroger+ACI-,
15242,+ACI-BBPBEEFFFRANKS+ACI-,+ACI-Publix+ACI-,
15243,+ACI-JHNSVL BRATS+ACI-,+ACI-Publix+ACI-,
15244,+ACI-MARLBORO SILVER BX+ACI-,+ACI-Publix+ACI-,
15245,+ACI-BBURRITO BFBN MED+ACI-,+ACI-Publix+ACI-,
15246,+ACI-DARK HORSE CABERNE+ACI-,+ACI-Kroger+ACI-,
15247,+ACI-SC WINELIQUOR DISC+ACI-,+ACI-Kroger+ACI-,
15248,+ACI-BBUSHMAPLEEBACON B+ACI-,+ACI-Publix+ACI-,
15249,+ACI-KKNORR PASTASIDE+ACI-,+ACI-Kroger+ACI-,
15250,+ACI-PC KLBR CRACKER+ACI-,+ACI-Kroger+ACI-,
15251,+ACI-GGREENWSE ORG HONEY+ACI-,+ACI-Publix+ACI-,
15252,+ACI-TOM PASTE+ACI-,+ACI-Kroger+ACI-,
15253,+ACI-WTT PEACHES+ACI-,+ACI-Kroger+ACI-,
15254,+ACI-AUTHEN GUACAMOLE+ACI-,+ACI-Kroger+ACI-,
15255,+ACI-KRO ALK BATT+ACI-,+ACI-Kroger+ACI-,
15256,+ACI-HC CS SIMPLY ORG+ACI-,+ACI-Publix+ACI-,
15257,+ACI-CAPRISUN ORGANIC+ACI-,+ACI-Kroger+ACI-,
15258,+ACI-SALMON SELECT CUTS+ACI-,+ACI-Publix+ACI-,
15259,+ACI-CCKE+ACI-,+ACI-Kroger+ACI-,
15260,+ACI-LUNCHABLE PPC+ACI-,+ACI-Kroger+ACI-,
15261,+ACI-KRO RICOTTA CHEESE+ACI-,+ACI-Kroger+ACI-,
15262,+ACI-BBAYER ASPIRN+ACI-,+ACI-Kroger+ACI-,
15263,+ACI-GE SAVINGS+ACI-,+ACI-Kroger+ACI-,
15264,+ACI-KKRO ALMOND+ACI-,+ACI-Kroger+ACI-,
15265,+ACI-SALES AX+ACI-,+ACI-Publix+ACI-,
15266,+ACI-KRO EGG NOG PPC+ACI-,+ACI-Kroger+ACI-,
15267,+ACI-PRSL SMK TKY PPC+ACI-,+ACI-Kroger+ACI-,
15268,+ACI-LLIPTON SOUPMIX+ACI-,+ACI-Kroger+ACI-,
15269,+ACI-GAT00ADE+ACI-,+ACI-Kroger+ACI-,
15270,+ACI-11 3 FOR 500+ACI-,+ACI-Publix+ACI-,
15271,+ACI-KROTACO SHELLS+ACI-,+ACI-Kroger+ACI-,
15272,+ACI-SMARTDDOGS+ACI-,+ACI-Publix+ACI-,
15273,+ACI-FR BROC SHLS ROTNI+ACI-,+ACI-Publix+ACI-,
15274,+ACI-PUBLIX TATER BITES+ACI-,+ACI-Kroger+ACI-,
15275,+ACI-CELESTIAL SLEEPY+ACI-,+ACI-Publix+ACI-,
15276,+ACI-N TST CRNCH+ACI-,+ACI-Kroger+ACI-,
15277,+ACI-SAE UPTO+ACI-,+ACI-Kroger+ACI-,
15278,+ACI-LLIMIIT ONE 50 FUEL PT BONUS PER+ACI-,+ACI-Kroger+ACI-,
15279,+ACI-RZN MEAL+ACI-,+ACI-Kroger+ACI-,
15280,+ACI-149 LB+ACI-,+ACI-Kroger+ACI-,
15281,+ACI-FIBER ONE 90 BRWNI+ACI-,+ACI-Publix+ACI-,
15282,+ACI-PURE LF EA PPC+ACI-,+ACI-Kroger+ACI-,
15283,+ACI-PUBLIX FOBBBLK CHY+ACI-,+ACI-Publix+ACI-,
15284,+ACI-YOUUSAVED+ACI-,+ACI-Kroger+ACI-,
15285,+ACI-PPUBLIXMILKWHOLE+ACI-,+ACI-Publix+ACI-,
15286,+ACI-DDOLE CLSC COLESLAWPC+ACI-,+ACI-Kroger+ACI-,
15287,+ACI-DNKN KCUP+ACI-,+ACI-Kroger+ACI-,
15288,+ACI-PBX CHIMICHRRI RST+ACI-,+ACI-Publix+ACI-,
15289,+ACI-QTY+ACI-,+ACI-Kroger+ACI-,
15290,+ACI-SC BIG K 2 LITER 59+ACI-,+ACI-Kroger+ACI-,
15291,+ACI-GHIR MINIS+ACI-,+ACI-Kroger+ACI-,
15292,+ACI-TYSN BREASTT+ACI-,+ACI-Kroger+ACI-,
15293,+ACI-WT GRAPES C+ACI-,+ACI-Kroger+ACI-,
15294,+ACI-DOLEMAN ORG 100J+ACI-,+ACI-Publix+ACI-,
15295,+ACI-CCARDBIRTHDAY+ACI-,+ACI-Publix+ACI-,
15296,+ACI-PBRY+ACI-,+ACI-Kroger+ACI-,
15297,+ACI-BBAANCE C+ACI-,+ACI-Kroger+ACI-,
15298,+ACI-BAAACCE+ACI-,+ACI-Kroger+ACI-,
15299,+ACI-MORTON NATSEASON+ACI-,+ACI-Publix+ACI-,
15300,+ACI-WT B4NANAS+ACI-,+ACI-Kroger+ACI-,
15301,+ACI-WTT GGRAPES RED PPC+ACI-,+ACI-Kroger+ACI-,
15302,+ACI-BH MESQ TRKY BRST+ACI-,+ACI-Kroger+ACI-,
15303,+ACI-1 22 FOR 500+ACI-,+ACI-Kroger+ACI-,
15304,+ACI-RRAGU SAUCE PPC+ACI-,+ACI-Publix+ACI-,
15305,+ACI-0M CENTER CTDBACON+ACI-,+ACI-Publix+ACI-,
15306,+ACI-HIGHEST+ACI-,+ACI-Kroger+ACI-,
15307,+ACI-PRNGL NACHO CHS+ACI-,+ACI-Kroger+ACI-,
15308,+ACI-C BAR+ACI-,+ACI-Kroger+ACI-,
15309,+ACI-R PASTA+ACI-,+ACI-Publix+ACI-,
15310,+ACI-OSCM TKY OVEN+ACI-,+ACI-Kroger+ACI-,
15311,+ACI-HUNTS OMATOES PPC+ACI-,+ACI-Kroger+ACI-,
15312,+ACI-N YOPLAI+ACI-,+ACI-Kroger+ACI-,
15313,+ACI-CHKBREAST+ACI-,+ACI-Kroger+ACI-,
15314,+ACI-PRONI+ACI-,+ACI-Kroger+ACI-,
15315,+ACI-KRO TKY PATY+ACI-,+ACI-Kroger+ACI-,
15316,+ACI-PF XTRA CHOC GF+ACI-,+ACI-Publix+ACI-,
15317,+ACI-ANOLA+ACI-,+ACI-Kroger+ACI-,
15318,+ACI-FUEL PINTS THIS ORDER+ACI-,+ACI-Kroger+ACI-,
15319,+ACI-DOG TREAT+ACI-,+ACI-Kroger+ACI-,
15320,+ACI-BBG METTWURST+ACI-,+ACI-Kroger+ACI-,
15321,+ACI-KRO TUNA PCHH+ACI-,+ACI-Kroger+ACI-,
15322,+ACI-DC L RABAR+ACI-,+ACI-Publix+ACI-,
15323,+ACI-WT BBANANAS 1+ACI-,+ACI-Kroger+ACI-,
15324,+ACI-1 2 FOR 579+ACI-,+ACI-Publix+ACI-,
15325,+ACI-GRAND 0TA11+ACI-,+ACI-Publix+ACI-,
15326,+ACI-LLBUTTER+ACI-,+ACI-Kroger+ACI-,
15327,+ACI-JFRDA CONDITIONER+ACI-,+ACI-Kroger+ACI-,
15328,+ACI-2 FOR 579+ACI-,+ACI-Publix+ACI-,
15329,+ACI-BUDDY FRUITCCINN+ACI-,+ACI-Publix+ACI-,
15330,+ACI-S KRER SVINS+ACI-,+ACI-Kroger+ACI-,
15331,+ACI-DOLE BBQ RANCH+ACI-,+ACI-Kroger+ACI-,
15332,+ACI-KOGRSVINS+ACI-,+ACI-Kroger+ACI-,
15333,+ACI-PUBLIX PREM STICKS+ACI-,+ACI-Publix+ACI-,
15334,+ACI-OGER JUICE+ACI-,+ACI-Kroger+ACI-,
15335,+ACI-CNTC OATS+ACI-,+ACI-Kroger+ACI-,
15336,+ACI-KRO PIZZA CRUST MXPC+ACI-,+ACI-Kroger+ACI-,
15337,+ACI-ROASTBEEF+ACI-,+ACI-Kroger+ACI-,
15338,+ACI-2 FOR 075+ACI-,+ACI-Publix+ACI-,
15339,+ACI-MSSLMN APPLESAUCE+ACI-,+ACI-Kroger+ACI-,
15340,+ACI-KRO TOOTHBRUSHH+ACI-,+ACI-Kroger+ACI-,
15341,+ACI-CTRY SASG GRVY MIX+ACI-,+ACI-Publix+ACI-,
15342,+ACI-101000 YOGURT+ACI-,+ACI-Kroger+ACI-,
15343,+ACI-G S ITALIAN DRESS+ACI-,+ACI-Kroger+ACI-,
15344,+ACI-ZEPHYRHILLS WATER+ACI-,+ACI-Kroger+ACI-,
15345,+ACI-LINIT ONE 50 FUELPTBONUS PER 7+ACI-,+ACI-Kroger+ACI-,
15346,+ACI-SWEEPSSTAKES+ACI-,+ACI-Kroger+ACI-,
15347,+ACI-BANI YOGURTT+ACI-,+ACI-Kroger+ACI-,
15348,+ACI-RFTCCHEESE+ACI-,+ACI-Kroger+ACI-,
15349,+ACI-SC KROGERSVINGS+ACI-,+ACI-Kroger+ACI-,
15350,+ACI-MIXED MELON CHK SM+ACI-,+ACI-Kroger+ACI-,
15351,+ACI-KRGER SAVNGS+ACI-,+ACI-Kroger+ACI-,
15352,+ACI-EB APPLE SNACK BAR+ACI-,+ACI-Publix+ACI-,
15353,+ACI-CAPRIWTR WLD CHER+ACI-,+ACI-Publix+ACI-,
15354,+ACI-SUND CHERRY+ACI-,+ACI-Kroger+ACI-,
15355,+ACI-PBX FETACRMB FETA+ACI-,+ACI-Publix+ACI-,
15356,+ACI-ETSAVINGS+ACI-,+ACI-Kroger+ACI-,
15357,+ACI-FUEL POINT IHIS ORDER+ACI-,+ACI-Kroger+ACI-,
15358,+ACI-THISMONTHS POINTTS EXPIRE+ACI-,+ACI-Kroger+ACI-,
15359,+ACI-TBBABY RAY+ACI-,+ACI-Kroger+ACI-,
15360,+ACI-BNLSCHICKEN CUTLS+ACI-,+ACI-Kroger+ACI-,
15361,+ACI-PROMOTION T+ACI-,+ACI-Publix+ACI-,
15362,+ACI-ARGO TEA+ACI-,+ACI-Kroger+ACI-,
15363,+ACI-BBO SUMER FUL+ACI-,+ACI-Kroger+ACI-,
15364,+ACI-KR ZSTY ITALIAN DR+ACI-,+ACI-Kroger+ACI-,
15365,+ACI-KKRFTMAYO PPC+ACI-,+ACI-Kroger+ACI-,
15366,+ACI-LS GRAVY+ACI-,+ACI-Publix+ACI-,
15367,+ACI-L LEAFY ROMAINE+ACI-,+ACI-Kroger+ACI-,
15368,+ACI-KRAF0 MAC+ACI-,+ACI-Kroger+ACI-,
15369,+ACI-ACCOUNT+ACI-,+ACI-Kroger+ACI-,
15370,+ACI-ALTOIDS PEPPERMINT+ACI-,+ACI-Kroger+ACI-,
15371,+ACI-YSN CHKN STR+ACI-,+ACI-Kroger+ACI-,
15372,+ACI-PSSTGARLIC SALT+ACI-,+ACI-Kroger+ACI-,
15373,+ACI-FRITOS SCOOPS PPC+ACI-,+ACI-Kroger+ACI-,
15374,+ACI-N0 HNYWHEATBRD+ACI-,+ACI-Publix+ACI-,
15375,+ACI-CRNCHMSTR RSTD VEG+ACI-,+ACI-Publix+ACI-,
15376,+ACI-KYLINE CHILI+ACI-,+ACI-Kroger+ACI-,
15377,+ACI-SANDRAS BROC SWISS+ACI-,+ACI-Publix+ACI-,
15378,+ACI-1 20 FOR 800+ACI-,+ACI-Publix+ACI-,
15379,+ACI-PBX CHSE PTY TR SL+ACI-,+ACI-Publix+ACI-,
15380,+ACI-WT GAPES+ACI-,+ACI-Kroger+ACI-,
15381,+ACI-COLG KIDS MNNS TP+ACI-,+ACI-Kroger+ACI-,
15382,+ACI-KNORR MEXICAN RICE+ACI-,+ACI-Kroger+ACI-,
15383,+ACI-KRO LIME JUICE+ACI-,+ACI-Publix+ACI-,
15384,+ACI-KRO GARB BG+ACI-,+ACI-Kroger+ACI-,
15385,+ACI-PILLS PIE SHLL VS+ACI-,+ACI-Publix+ACI-,
15386,+ACI-DOVE HAIR SPRAY+ACI-,+ACI-Kroger+ACI-,
15387,+ACI-COA PUFFS+ACI-,+ACI-Kroger+ACI-,
15388,+ACI-PTON SOUP MIX+ACI-,+ACI-Kroger+ACI-,
15389,+ACI-EMERALD WLNTALMND+ACI-,+ACI-Kroger+ACI-,
15390,+ACI-LUCERNE SOUR CREAM+ACI-,+ACI-Safeway+ACI-,
15391,+ACI-BBUITONI TORTELLONI+ACI-,+ACI-Kroger+ACI-,
15392,+ACI-LIMITONE 50 FUEL PTTBONUS PER+ACI-,+ACI-Kroger+ACI-,
15393,+ACI-WTT RED ROMA TOMATOES+ACI-,+ACI-Safeway+ACI-,
15394,+ACI-JULENNE P0T0+ACI-,+ACI-Kroger+ACI-,
15395,+ACI-MPERKS OFFER+ACI-,+ACI-Kroger+ACI-,
15396,+ACI-RSL HRD SLM+ACI-,+ACI-Kroger+ACI-,
15397,+ACI-DEBBIT+ACI-,+ACI-Kroger+ACI-,
15398,+ACI-SMFD SL HAM+ACI-,+ACI-Kroger+ACI-,
15399,+ACI-KKROMILK+ACI-,+ACI-Kroger+ACI-,
15400,+ACI-BBESTBBY+ACI-,+ACI-Kroger+ACI-,
15401,+ACI-OBAY SHAKER SEASO+ACI-,+ACI-Publix+ACI-,
15402,+ACI-DIIETPEPSI+ACI-,+ACI-Kroger+ACI-,
15403,+ACI-DDOLE ULTCAESAR KTPC+ACI-,+ACI-Kroger+ACI-,
15404,+ACI-RRNIRICEMX+ACI-,+ACI-Kroger+ACI-,
15405,+ACI-LEIGHTONS HONEY+ACI-,+ACI-Publix+ACI-,
15406,+ACI-ATO SAUCE+ACI-,+ACI-Kroger+ACI-,
15407,+ACI-ST CHK BRST IND WR+ACI-,+ACI-Kroger+ACI-,
15408,+ACI-5 FOR 000+ACI-,+ACI-Kroger+ACI-,
15409,+ACI-WT PEPPERS POBLANO+ACI-,+ACI-Publix+ACI-,
15410,+ACI-ROGER SAVIMGS+ACI-,+ACI-Kroger+ACI-,
15411,+ACI-WRGHT BACON PPC+ACI-,+ACI-Kroger+ACI-,
15412,+ACI-SUNY D DRNK+ACI-,+ACI-Kroger+ACI-,
15413,+ACI-WT CABBBAGE+ACI-,+ACI-Kroger+ACI-,
15414,+ACI-MAYFIELD SANDWICH+ACI-,+ACI-Kroger+ACI-,
15415,+ACI-JELLO SFSTRWBRRY+ACI-,+ACI-Publix+ACI-,
15416,+ACI-DDELI CKN PPC+ACI-,+ACI-Kroger+ACI-,
15417,+ACI-PUB 2630 CKD SHRI+ACI-,+ACI-Publix+ACI-,
15418,+ACI-TOIALCUPONS+ACI-,+ACI-Kroger+ACI-,
15419,+ACI-BKD RFLS ORIG PCR+ACI-,+ACI-Publix+ACI-,
15420,+ACI-P STFFNG+ACI-,+ACI-Kroger+ACI-,
15421,+ACI-DSAVINGS+ACI-,+ACI-Kroger+ACI-,
15422,+ACI-FFTNDR LVRCHKN+ACI-,+ACI-Publix+ACI-,
15423,+ACI-VALFRSH WHTCHCKN+ACI-,+ACI-Publix+ACI-,
15424,+ACI-MER FUL2X PTS+ACI-,+ACI-Kroger+ACI-,
15425,+ACI-GRGR PARSLEY ORG+ACI-,+ACI-Kroger+ACI-,
15426,+ACI-8 2 FOR 400+ACI-,+ACI-Publix+ACI-,
15427,+ACI-KKRO CHLI SCE+ACI-,+ACI-Kroger+ACI-,
15428,+ACI-L ICE CRM PPC+ACI-,+ACI-Kroger+ACI-,
15429,+ACI-PRK LOIN PPC+ACI-,+ACI-Kroger+ACI-,
15430,+ACI-COE+ACI-,+ACI-Kroger+ACI-,
15431,+ACI-MP BBOT RETURN NP+ACI-,+ACI-Kroger+ACI-,
15432,+ACI-ROTELDICE T0MH0T+ACI-,+ACI-Publix+ACI-,
15433,+ACI-EIGHTOCLOCKCOLU+ACI-,+ACI-Publix+ACI-,
15434,+ACI-GER SAVLNGS+ACI-,+ACI-Kroger+ACI-,
15435,+ACI-K SOYMILK+ACI-,+ACI-Kroger+ACI-,
15436,+ACI-ST PAPER TOWEL+ACI-,+ACI-Kroger+ACI-,
15437,+ACI-THIIS MONTHS POTINTS EXPIIRE+ACI-,+ACI-Kroger+ACI-,
15438,+ACI-LB CHOC CHIPMUFF+ACI-,+ACI-Kroger+ACI-,
15439,+ACI-JIFFY MUFFINMIX+ACI-,+ACI-Kroger+ACI-,
15440,+ACI-S0L0 BOWLS+ACI-,+ACI-Kroger+ACI-,
15441,+ACI-GRNGNT VEGETABLE+ACI-,+ACI-Kroger+ACI-,
15442,+ACI-FREE ICNOVELTY+ACI-,+ACI-Kroger+ACI-,
15443,+ACI-PLUSONE 0F+ACI-,+ACI-Kroger+ACI-,
15444,+ACI-AIRHEADS PPC+ACI-,+ACI-Publix+ACI-,
15445,+ACI-LSMAY 2017KC THRU 24MAY+ACI-,+ACI-Kroger+ACI-,
15446,+ACI-LWRY TACO SSNG+ACI-,+ACI-Kroger+ACI-,
15447,+ACI-BBUDDY FRUITDBLUE+ACI-,+ACI-Publix+ACI-,
15448,+ACI-PRICE YOU PAY+ACI-,+ACI-Kroger+ACI-,
15449,+ACI-0M LABL UPLD NACHH+ACI-,+ACI-Publix+ACI-,
15450,+ACI-DASANI SPRKLNG WTRPC+ACI-,+ACI-Kroger+ACI-,
15451,+ACI-LIBBY CUTGRBEAN+ACI-,+ACI-Kroger+ACI-,
15452,+ACI-BBO SUMAER FUEL+ACI-,+ACI-Kroger+ACI-,
15453,+ACI-BALANCEE+ACI-,+ACI-Kroger+ACI-,
15454,+ACI-KKROGER SOUP C+ACI-,+ACI-Kroger+ACI-,
15455,+ACI-ALTOIDS PEPPERMINTPC+ACI-,+ACI-Kroger+ACI-,
15456,+ACI-SBLANCE+ACI-,+ACI-Kroger+ACI-,
15457,+ACI-MENN DOEPORANT+ACI-,+ACI-Kroger+ACI-,
15458,+ACI-GDKNW BAR+ACI-,+ACI-Kroger+ACI-,
15459,+ACI-KRO FRUIIT SNACK+ACI-,+ACI-Kroger+ACI-,
15460,+ACI-KRO BUITER+ACI-,+ACI-Kroger+ACI-,
15461,+ACI-LIPTON BERRY HIBIS+ACI-,+ACI-Publix+ACI-,
15462,+ACI-FSELBBY SPRING MX+ACI-,+ACI-Kroger+ACI-,
15463,+ACI-KKRO CHL SSN+ACI-,+ACI-Kroger+ACI-,
15464,+ACI-CHLI SCE+ACI-,+ACI-Kroger+ACI-,
15465,+ACI-HNYS TURKEY PPC+ACI-,+ACI-Kroger+ACI-,
15466,+ACI-PLNTR CASHEW+ACI-,+ACI-Kroger+ACI-,
15467,+ACI-VISIIT WWW+ACI-,+ACI-Kroger+ACI-,
15468,+ACI-LIMIN ONE+ACI-,+ACI-Kroger+ACI-,
15469,+ACI-KKRO PINTO BEANS+ACI-,+ACI-Kroger+ACI-,
15470,+ACI-PPUBLIX ORG TPASTE+ACI-,+ACI-Publix+ACI-,
15471,+ACI-KKRO VIITDD WHL MILKPC+ACI-,+ACI-Kroger+ACI-,
15472,+ACI-RUIT+ACI-,+ACI-Kroger+ACI-,
15473,+ACI-WT KALE ORGANIC+ACI-,+ACI-Kroger+ACI-,
15474,+ACI-YAKISOBA FOUR CHEE+ACI-,+ACI-Kroger+ACI-,
15475,+ACI-CRPK APPLES PPC+ACI-,+ACI-Kroger+ACI-,
15476,+ACI-DIETCOKE PPC+ACI-,+ACI-Kroger+ACI-,
15477,+ACI-ANISE ORG+ACI-,+ACI-Kroger+ACI-,
15478,+ACI-IAMS CAT F00D PPC+ACI-,+ACI-Kroger+ACI-,
15479,+ACI-BOCA BURGER+ACI-,+ACI-Kroger+ACI-,
15480,+ACI-KNR SIDE CHED BROC+ACI-,+ACI-Kroger+ACI-,
15481,+ACI-UCK ROAST+ACI-,+ACI-Kroger+ACI-,
15482,+ACI-IETMTN DEW+ACI-,+ACI-Kroger+ACI-,
15483,+ACI-0 SOURCRM+ACI-,+ACI-Kroger+ACI-,
15484,+ACI-KNORR RICE PILAF+ACI-,+ACI-Publix+ACI-,
15485,+ACI-SNLK SAUCE+ACI-,+ACI-Kroger+ACI-,
15486,+ACI-EFFECTIVE AUGST+ACI-,+ACI-Kroger+ACI-,
15487,+ACI-EMPL0YEE DISC+ACI-,+ACI-Kroger+ACI-,
15488,+ACI-MICHAUTHENTICO+ACI-,+ACI-Publix+ACI-,
15489,+ACI-ECPN DOLEFRT BOWL+ACI-,+ACI-Kroger+ACI-,
15490,+ACI-JUST FOR MEN+ACI-,+ACI-Publix+ACI-,
15491,+ACI-WT BANANAS 7+ACI-,+ACI-Kroger+ACI-,
15492,+ACI-0 WTR ENHN+ACI-,+ACI-Kroger+ACI-,
15493,+ACI-SHRED CHEESEEPPC+ACI-,+ACI-Kroger+ACI-,
15494,+ACI-G G MUSHROOMS+ACI-,+ACI-Publix+ACI-,
15495,+ACI-BBKRY TRTLLA PPC+ACI-,+ACI-Kroger+ACI-,
15496,+ACI-1 2 0R 400+ACI-,+ACI-Publix+ACI-,
15497,+ACI-DDRNK MX+ACI-,+ACI-Kroger+ACI-,
15498,+ACI-DEBIT 6+ACI-,+ACI-Kroger+ACI-,
15499,+ACI-CGAP HAM HLF+ACI-,+ACI-Kroger+ACI-,
15500,+ACI-BBORAX BLEACH+ACI-,+ACI-Kroger+ACI-,
15501,+ACI-PUBCCANNELLINIBEA+ACI-,+ACI-Kroger+ACI-,
15502,+ACI-KKRO VIITDD WHLMILKPC+ACI-,+ACI-Kroger+ACI-,
15503,+ACI-WELCH FRTSPREAD+ACI-,+ACI-Kroger+ACI-,
15504,+ACI-REM+ACI-,+ACI-Kroger+ACI-,
15505,+ACI-PRCMOTION+ACI-,+ACI-Publix+ACI-,
15506,+ACI-PRSL SEA SALT+ACI-,+ACI-Kroger+ACI-,
15507,+ACI-ECPN OXICLEAN+ACI-,+ACI-Kroger+ACI-,
15508,+ACI-OEER SAVNGS+ACI-,+ACI-Kroger+ACI-,
15509,+ACI-LEISURE WAY PLATES+ACI-,+ACI-Publix+ACI-,
15510,+ACI-PPUBLIXTACO SEASON+ACI-,+ACI-Publix+ACI-,
15511,+ACI-KKRO PARSLEY+ACI-,+ACI-Kroger+ACI-,
15512,+ACI-LUC COTTAGE CHSE+ACI-,+ACI-Safeway+ACI-,
15513,+ACI-CHOBANI YOG 100+ACI-,+ACI-Kroger+ACI-,
15514,+ACI-077 LB+ACI-,+ACI-Kroger+ACI-,
15515,+ACI-LIIMIITONE 50 FUEL PTBONUS PER 7+ACI-,+ACI-Kroger+ACI-,
15516,+ACI-COTTWIPES TUB+ACI-,+ACI-Kroger+ACI-,
15517,+ACI-KKRO LASAGNA PASTA+ACI-,+ACI-Kroger+ACI-,
15518,+ACI-IONS WHITE+ACI-,+ACI-Kroger+ACI-,
15519,+ACI-BBRDGFRD PEPP+ACI-,+ACI-Kroger+ACI-,
15520,+ACI-KMFG CPN AVINGS+ACI-,+ACI-Kroger+ACI-,
15521,+ACI-HEATHBR CKIE 13CT+ACI-,+ACI-Publix+ACI-,
15522,+ACI-KKRO SPRK WTR PPC+ACI-,+ACI-Kroger+ACI-,
15523,+ACI-PBX PS GENOA SLMI+ACI-,+ACI-Publix+ACI-,
15524,+ACI-ITALIAN PARSLEY+ACI-,+ACI-Safeway+ACI-,
15525,+ACI-LUOV+ACI-,+ACI-Kroger+ACI-,
15526,+ACI-HZLNT SPREAD+ACI-,+ACI-Kroger+ACI-,
15527,+ACI-BBIG K COLAA PPC+ACI-,+ACI-Kroger+ACI-,
15528,+ACI-STOMINTORGNC+ACI-,+ACI-Kroger+ACI-,
15529,+ACI-RONZ ANGEL HAIR+ACI-,+ACI-Kroger+ACI-,
15530,+ACI-BBFORSTGUMMY BEARSPC+ACI-,+ACI-Kroger+ACI-,
15531,+ACI-TRDWND TEA PPC+ACI-,+ACI-Kroger+ACI-,
15532,+ACI-LIMIT 0E+ACI-,+ACI-Kroger+ACI-,
15533,+ACI-PB CUP+ACI-,+ACI-Kroger+ACI-,
15534,+ACI-KKROGER PLUS CUSTOMR+ACI-,+ACI-Kroger+ACI-,
15535,+ACI-MG CN SAVINS+ACI-,+ACI-Kroger+ACI-,
15536,+ACI-L DUE+ACI-,+ACI-Kroger+ACI-,
15537,+ACI-ANTMBBUNS+ACI-,+ACI-Kroger+ACI-,
15538,+ACI-ERTHBSTPOUCHH+ACI-,+ACI-Kroger+ACI-,
15539,+ACI-TYSONBREAST+ACI-,+ACI-Kroger+ACI-,
15540,+ACI-IVORY BAR SOAP+ACI-,+ACI-Kroger+ACI-,
15541,+ACI-STCKY FNGR ORG SCE+ACI-,+ACI-Kroger+ACI-,
15542,+ACI-TMXD VEGTBL+ACI-,+ACI-Kroger+ACI-,
15543,+ACI-SC SODA 2 LITERS 1+ACI-,+ACI-Kroger+ACI-,
15544,+ACI-LBCCHOC CHIP MUFF+ACI-,+ACI-Publix+ACI-,
15545,+ACI-GRDLF SALAD+ACI-,+ACI-Kroger+ACI-,
15546,+ACI-T RICE+ACI-,+ACI-Kroger+ACI-,
15547,+ACI-2 FOR 3399+ACI-,+ACI-Publix+ACI-,
15548,+ACI-MYR HAM+ACI-,+ACI-Kroger+ACI-,
15549,+ACI-BHHMAPLE HONEY TUR+ACI-,+ACI-Kroger+ACI-,
15550,+ACI-BBUMBLEEBEE 4FPK+ACI-,+ACI-Publix+ACI-,
15551,+ACI-REDEM 100PTS 0+ACI-,+ACI-Kroger+ACI-,
15552,+ACI-CAT CHOW INDOOR+ACI-,+ACI-Publix+ACI-,
15553,+ACI-L HRD SLM+ACI-,+ACI-Kroger+ACI-,
15554,+ACI-OLG PLUS TTHBRUSHPC+ACI-,+ACI-Kroger+ACI-,
15555,+ACI-PPLAYTEX TAMPONS+ACI-,+ACI-Kroger+ACI-,
15556,+ACI-TROLLI CANDY PPC+ACI-,+ACI-Kroger+ACI-,
15557,+ACI-PARTICIPATING SHELLLS+ACI-,+ACI-Kroger+ACI-,
15558,+ACI-PURCASE+ACI-,+ACI-Kroger+ACI-,
15559,+ACI-QLTN ULT PLSH TP PPC+ACI-,+ACI-Kroger+ACI-,
15560,+ACI-BBH ITALIAN WHL SUB+ACI-,+ACI-Publix+ACI-,
15561,+ACI-TXTSTCCHZGRLC+ACI-,+ACI-Publix+ACI-,
15562,+ACI-LEEKS+ACI-,+ACI-Kroger+ACI-,
15563,+ACI-KKRO SMORES+ACI-,+ACI-Kroger+ACI-,
15564,+ACI-S CHICKEN+ACI-,+ACI-Kroger+ACI-,
15565,+ACI-BBRWNY SPARKLE+ACI-,+ACI-Kroger+ACI-,
15566,+ACI-SAVE U 0+ACI-,+ACI-Kroger+ACI-,
15567,+ACI-MEGA EVENT SAVNGS+ACI-,+ACI-Kroger+ACI-,
15568,+ACI-MHTMARRICE+ACI-,+ACI-Kroger+ACI-,
15569,+ACI-OGER AVINGS+ACI-,+ACI-Kroger+ACI-,
15570,+ACI-DNT HOLE+ACI-,+ACI-Kroger+ACI-,
15571,+ACI-PC KRO HTDG BUN+ACI-,+ACI-Kroger+ACI-,
15572,+ACI-WT CABBAGE NAPPA+ACI-,+ACI-Kroger+ACI-,
15573,+ACI-BARNUM ANIMAL CRKR+ACI-,+ACI-Kroger+ACI-,
15574,+ACI-ROSCATO DULCE+ACI-,+ACI-Kroger+ACI-,
15575,+ACI-LRG EGG C+ACI-,+ACI-Kroger+ACI-,
15576,+ACI-SAN PEL WATER PPC+ACI-,+ACI-Kroger+ACI-,
15577,+ACI-SAVE 150 GRD BEEF+ACI-,+ACI-Kroger+ACI-,
15578,+ACI-STO HLFHLF+ACI-,+ACI-Publix+ACI-,
15579,+ACI-ROAST BF+ACI-,+ACI-Kroger+ACI-,
15580,+ACI-CHEEZITCCRACKERS PPC+ACI-,+ACI-Kroger+ACI-,
15581,+ACI-PUB STRAWAPL SCE+ACI-,+ACI-Publix+ACI-,
15582,+ACI-KKRO ELBOWMMAC+ACI-,+ACI-Kroger+ACI-,
15583,+ACI-ETTE SHV GEL+ACI-,+ACI-Kroger+ACI-,
15584,+ACI-KKRO WALNUT+ACI-,+ACI-Kroger+ACI-,
15585,+ACI-WT WHITE WHL MUSHROOM+ACI-,+ACI-Safeway+ACI-,
15586,+ACI-PUB BALSMC VNGR+ACI-,+ACI-Publix+ACI-,
15587,+ACI-ECPN CHEERI+ACI-,+ACI-Kroger+ACI-,
15588,+ACI-RANA TORTELLONI+ACI-,+ACI-Kroger+ACI-,
15589,+ACI-COTT WIPES TUB+ACI-,+ACI-Kroger+ACI-,
15590,+ACI-APPLES MCINTOSHH+ACI-,+ACI-Kroger+ACI-,
15591,+ACI-PSST CHICKEN PATTY+ACI-,+ACI-Kroger+ACI-,
15592,+ACI-SODA 2 LITER 55+ACI-,+ACI-Kroger+ACI-,
15593,+ACI-CHZ CURLS+ACI-,+ACI-Kroger+ACI-,
15594,+ACI-C SMRTWTR+ACI-,+ACI-Kroger+ACI-,
15595,+ACI-MFG CPN SVINS+ACI-,+ACI-Kroger+ACI-,
15596,+ACI-CRYSTAL BAY CF CHY+ACI-,+ACI-Publix+ACI-,
15597,+ACI-SHBA CATFOOD+ACI-,+ACI-Kroger+ACI-,
15598,+ACI-TAMPICO PNCH+ACI-,+ACI-Kroger+ACI-,
15599,+ACI-FRICH MOZZ BITES+ACI-,+ACI-Publix+ACI-,
15600,+ACI-GGARLIC BAG+ACI-,+ACI-Publix+ACI-,
15601,+ACI-LIIMITONE 50 FUEL PT BONUS PER 7+ACI-,+ACI-Publix+ACI-,
15602,+ACI-NV PROTEIN OATMEAL+ACI-,+ACI-Publix+ACI-,
15603,+ACI-H OUR LOW+ACI-,+ACI-Kroger+ACI-,
15604,+ACI-THESE POINNTS EXPIIRE+ACI-,+ACI-Kroger+ACI-,
15605,+ACI-L YOGURT+ACI-,+ACI-Kroger+ACI-,
15606,+ACI-TORADE FUEL BAR+ACI-,+ACI-Kroger+ACI-,
15607,+ACI-ORGANIC CILANTRO+ACI-,+ACI-Kroger+ACI-,
15608,+ACI-MAY 2017KC 27 MAY+ACI-,+ACI-Kroger+ACI-,
15609,+ACI-SWANSONBBROTHH+ACI-,+ACI-Kroger+ACI-,
15610,+ACI-KRO CLRY HRTT+ACI-,+ACI-Kroger+ACI-,
15611,+ACI-PHRML PPRONI+ACI-,+ACI-Kroger+ACI-,
15612,+ACI-BH BLCK FOREST HAM+ACI-,+ACI-Kroger+ACI-,
15613,+ACI-N0 WHEATHOTBUN+ACI-,+ACI-Publix+ACI-,
15614,+ACI-TRL MIX+ACI-,+ACI-Kroger+ACI-,
15615,+ACI-EEFFECTIVE AUUST 23+ACI-,+ACI-Publix+ACI-,
15616,+ACI-KRO PREM CHKN BRST+ACI-,+ACI-Kroger+ACI-,
15617,+ACI-NUTCHELLO+ACI-,+ACI-Publix+ACI-,
15618,+ACI-MAHATMA SPANISHRI+ACI-,+ACI-Publix+ACI-,
15619,+ACI-KER RICE CAKES+ACI-,+ACI-Kroger+ACI-,
15620,+ACI-CBADMMINI BFPRVLI+ACI-,+ACI-Kroger+ACI-,
15621,+ACI-DELI STYLE MBL RYE+ACI-,+ACI-Publix+ACI-,
15622,+ACI-HEALTHYLIFEEBREAD+ACI-,+ACI-Kroger+ACI-,
15623,+ACI-KRO CANOLA IL+ACI-,+ACI-Kroger+ACI-,
15624,+ACI-LIMIT ONE 50 FUELPT BNUS PER+ACI-,+ACI-Kroger+ACI-,
15625,+ACI-POMP VINEGAR PPC+ACI-,+ACI-Kroger+ACI-,
15626,+ACI-KRO ON RING+ACI-,+ACI-Kroger+ACI-,
15627,+ACI-KKRO CRANBRY CKTL+ACI-,+ACI-Kroger+ACI-,
15628,+ACI-ALPODOG F00D+ACI-,+ACI-Kroger+ACI-,
15629,+ACI-BBH CHBN CHKN BRST+ACI-,+ACI-Publix+ACI-,
15630,+ACI-CELENTANO SHELLS+ACI-,+ACI-Kroger+ACI-,
15631,+ACI-K DR K+ACI-,+ACI-Kroger+ACI-,
15632,+ACI-STN GRND TRKY PTYSPC+ACI-,+ACI-Kroger+ACI-,
15633,+ACI-KSTAR+ACI-,+ACI-Kroger+ACI-,
15634,+ACI-LLIMITTONE 50+ACI-,+ACI-Kroger+ACI-,
15635,+ACI-WT ONIIONS YELLW+ACI-,+ACI-Kroger+ACI-,
15636,+ACI-POTATOES ENCHANTED+ACI-,+ACI-Publix+ACI-,
15637,+ACI-KRO VITDD WLMILKPC+ACI-,+ACI-Kroger+ACI-,
15638,+ACI-STO MUSHRM PORTBLA+ACI-,+ACI-Kroger+ACI-,
15639,+ACI-R PEACHES+ACI-,+ACI-Kroger+ACI-,
15640,+ACI-C G00D THINS+ACI-,+ACI-Kroger+ACI-,
15641,+ACI-IBC RTBEER+ACI-,+ACI-Kroger+ACI-,
15642,+ACI-ROSEMARY+ACI-,+ACI-Kroger+ACI-,
15643,+ACI-OER AVINGS+ACI-,+ACI-Kroger+ACI-,
15644,+ACI-WT TOMATILLOS+ACI-,+ACI-Kroger+ACI-,
15645,+ACI-SST OUP+ACI-,+ACI-Kroger+ACI-,
15646,+ACI-KRO FZ TOASTT+ACI-,+ACI-Kroger+ACI-,
15647,+ACI-COUPON CANCELLED+ACI-,+ACI-Publix+ACI-,
15648,+ACI-DDING+ACI-,+ACI-Kroger+ACI-,
15649,+ACI-1 22 FOR 600+ACI-,+ACI-Publix+ACI-,
15650,+ACI-MFG CPN SAVNS+ACI-,+ACI-Kroger+ACI-,
15651,+ACI-PFWG CHEDGFISHH+ACI-,+ACI-Publix+ACI-,
15652,+ACI-PL CKN BRST+ACI-,+ACI-Kroger+ACI-,
15653,+ACI-PPTPR DOG F00D+ACI-,+ACI-Kroger+ACI-,
15654,+ACI-TOALCUPOS+ACI-,+ACI-Kroger+ACI-,
15655,+ACI-CHEEZITSCRABBLE+ACI-,+ACI-Publix+ACI-,
15656,+ACI-SWEEPSTAKES RULLES+ACI-,+ACI-Kroger+ACI-,
15657,+ACI-NESTEA TEA+ACI-,+ACI-Kroger+ACI-,
15658,+ACI-DDDRINK MIX+ACI-,+ACI-Kroger+ACI-,
15659,+ACI-PNCHO DIP+ACI-,+ACI-Kroger+ACI-,
15660,+ACI-KRO PREM CHKN BRSTPC+ACI-,+ACI-Kroger+ACI-,
15661,+ACI-HSF0R TKY BRST+ACI-,+ACI-Publix+ACI-,
15662,+ACI-ENT SAINGS+ACI-,+ACI-Publix+ACI-,
15663,+ACI-HSF SMK SG TK RPE+ACI-,+ACI-Kroger+ACI-,
15664,+ACI-PIZZERIA+ACI-,+ACI-Kroger+ACI-,
15665,+ACI-PR+ACI-,+ACI-Kroger+ACI-,
15666,+ACI-KRO HRD BLD EGGS+ACI-,+ACI-Kroger+ACI-,
15667,+ACI-EMRLD+ACI-,+ACI-Kroger+ACI-,
15668,+ACI-11G 2 FOR 600+ACI-,+ACI-Publix+ACI-,
15669,+ACI-BFORST FRT SNACKS+ACI-,+ACI-Kroger+ACI-,
15670,+ACI-VELVEETASKILLETS+ACI-,+ACI-Publix+ACI-,
15671,+ACI-LUZN TEA POD+ACI-,+ACI-Kroger+ACI-,
15672,+ACI-KRO MI NAVY BEANS+ACI-,+ACI-Kroger+ACI-,
15673,+ACI-WT BARTLETT ORG+ACI-,+ACI-Kroger+ACI-,
15674,+ACI-GAL ATTKROGER+ACI-,+ACI-Kroger+ACI-,
15675,+ACI-DIISCOUNT NOT AVAILABLLE IN+ACI-,+ACI-Kroger+ACI-,
15676,+ACI-CURLY S BBQ PORK+ACI-,+ACI-Publix+ACI-,
15677,+ACI-HEBN BEEFFRANKS+ACI-,+ACI-Kroger+ACI-,
15678,+ACI-ECPN 49 BREAD+ACI-,+ACI-Kroger+ACI-,
15679,+ACI-BABY BTL POP+ACI-,+ACI-Kroger+ACI-,
15680,+ACI-KRO VITD WLMILKPC+ACI-,+ACI-Kroger+ACI-,
15681,+ACI-USE BY+ACI-,+ACI-Kroger+ACI-,
15682,+ACI-KIELBASA PPC+ACI-,+ACI-Kroger+ACI-,
15683,+ACI-CHHANGE 0+ACI-,+ACI-Publix+ACI-,
15684,+ACI-BBANQ CHCKN PATTIES+ACI-,+ACI-Kroger+ACI-,
15685,+ACI-PPSCL POPS PPC+ACI-,+ACI-Kroger+ACI-,
15686,+ACI-EMBASA CHIPOTLE+ACI-,+ACI-Publix+ACI-,
15687,+ACI-JUSTIN HZLNTBTTR+ACI-,+ACI-Kroger+ACI-,
15688,+ACI-L CBY JCK GNG+ACI-,+ACI-Kroger+ACI-,
15689,+ACI-LIME JUICE NFC+ACI-,+ACI-Publix+ACI-,
15690,+ACI-K LOIN PPC+ACI-,+ACI-Kroger+ACI-,
15691,+ACI-EMERALD WHLCASHEW+ACI-,+ACI-Publix+ACI-,
15692,+ACI-ABTHE CREDIITOR AND ISSUER+ACI-,+ACI-Kroger+ACI-,
15693,+ACI-WELCHGRAPE JUICE+ACI-,+ACI-Kroger+ACI-,
15694,+ACI-MFG CPN SVVINGS+ACI-,+ACI-Kroger+ACI-,
15695,+ACI-VEG  CHEESEEBITES+ACI-,+ACI-Publix+ACI-,
15696,+ACI-HUNTTTOM SCE NSLT+ACI-,+ACI-Kroger+ACI-,
15697,+ACI-WITH UR L+ACI-,+ACI-Kroger+ACI-,
15698,+ACI-EBT CASH EBT+ACI-,+ACI-Kroger+ACI-,
15699,+ACI-KRO PLS BWL+ACI-,+ACI-Kroger+ACI-,
15700,+ACI-KRGR SVINS+ACI-,+ACI-Publix+ACI-,
15701,+ACI-LIMIIT ONE 50 FUELPT BONUS PER 7+ACI-,+ACI-Kroger+ACI-,
15702,+ACI-LLIIMIITONE 50 FUEL PT BONUS PER 7+ACI-,+ACI-Kroger+ACI-,
15703,+ACI-KELL FRT SNK+ACI-,+ACI-Kroger+ACI-,
15704,+ACI-N WATER PPC+ACI-,+ACI-Kroger+ACI-,
15705,+ACI-KKRO TUNA PCH+ACI-,+ACI-Kroger+ACI-,
15706,+ACI-PORK BONES+ACI-,+ACI-Kroger+ACI-,
15707,+ACI-FFSTCAT F00D+ACI-,+ACI-Kroger+ACI-,
15708,+ACI-3M BUBBLE MAILERS+ACI-,+ACI-Publix+ACI-,
15709,+ACI-RYR SHTS+ACI-,+ACI-Kroger+ACI-,
15710,+ACI-BERTOLLI OLV OIL+ACI-,+ACI-Publix+ACI-,
15711,+ACI-QKER CHW SMORES GR+ACI-,+ACI-Publix+ACI-,
15712,+ACI-TYSON CHKN FRIES+ACI-,+ACI-Kroger+ACI-,
15713,+ACI-KMC SCANED COPON+ACI-,+ACI-Kroger+ACI-,
15714,+ACI-WE VE PUT+ACI-,+ACI-Kroger+ACI-,
15715,+ACI-BEBTCCASH+ACI-,+ACI-Kroger+ACI-,
15716,+ACI-1 2 FOR 265+ACI-,+ACI-Publix+ACI-,
15717,+ACI-G CHEESE PPC+ACI-,+ACI-Kroger+ACI-,
15718,+ACI-HEINZ BBQ SAUCE+ACI-,+ACI-Kroger+ACI-,
15719,+ACI-RRESER S MASHED POT+ACI-,+ACI-Publix+ACI-,
15720,+ACI-LSTEAK SAUCE+ACI-,+ACI-Kroger+ACI-,
15721,+ACI-KRO CHW VAR GRNLBPC+ACI-,+ACI-Kroger+ACI-,
15722,+ACI-DDEBT+ACI-,+ACI-Kroger+ACI-,
15723,+ACI-RMR VNA SSG+ACI-,+ACI-Kroger+ACI-,
15724,+ACI-BBUITONI PESTO+ACI-,+ACI-Kroger+ACI-,
15725,+ACI-PINEAPPLE GOLD PPC+ACI-,+ACI-Kroger+ACI-,
15726,+ACI-SOUTHWESTCCHOP SLD+ACI-,+ACI-Publix+ACI-,
15727,+ACI-WELCHGRAPEEJUICE+ACI-,+ACI-Publix+ACI-,
15728,+ACI-PLAIN BROWNIES+ACI-,+ACI-Publix+ACI-,
15729,+ACI-NTS REMAINING+ACI-,+ACI-Kroger+ACI-,
15730,+ACI-POTATOMICROAVE+ACI-,+ACI-Publix+ACI-,
15731,+ACI-LOFR HNY HAM PPC+ACI-,+ACI-Kroger+ACI-,
15732,+ACI-CHANNGE+ACI-,+ACI-Safeway+ACI-,
15733,+ACI-E FRTOCRACY+ACI-,+ACI-Kroger+ACI-,
15734,+ACI-MCCO BCN BIT+ACI-,+ACI-Kroger+ACI-,
15735,+ACI-APPLES ORGANIC+ACI-,+ACI-Kroger+ACI-,
15736,+ACI-0R 400+ACI-,+ACI-Publix+ACI-,
15737,+ACI-CASHEWS ROASTSALT+ACI-,+ACI-Publix+ACI-,
15738,+ACI-JIF SIMPLY+ACI-,+ACI-Kroger+ACI-,
15739,+ACI-WT JUMBO YLW ONIONS+ACI-,+ACI-Kroger+ACI-,
15740,+ACI-SPRAY BOTTLE+ACI-,+ACI-Kroger+ACI-,
15741,+ACI-MMS MASH POT PPC+ACI-,+ACI-Kroger+ACI-,
15742,+ACI-ANGEL SFBATH WHTE+ACI-,+ACI-Publix+ACI-,
15743,+ACI-YOPLAIT OGURT C+ACI-,+ACI-Kroger+ACI-,
15744,+ACI-KRTMAYO+ACI-,+ACI-Kroger+ACI-,
15745,+ACI-LLIMIIT ONE 50+ACI-,+ACI-Kroger+ACI-,
15746,+ACI-DEBIT 36+ACI-,+ACI-Kroger+ACI-,
15747,+ACI-BBKRY COOKIES PPC+ACI-,+ACI-Publix+ACI-,
15748,+ACI-FSEL STIRFRY+ACI-,+ACI-Kroger+ACI-,
15749,+ACI-BRK CC 100CL STRWB+ACI-,+ACI-Publix+ACI-,
15750,+ACI-AOMOOLUNCHMK+ACI-,+ACI-Kroger+ACI-,
15751,+ACI-PURCHHASE+ACI-,+ACI-Publix+ACI-,
15752,+ACI-ASPARAGLS+ACI-,+ACI-Publix+ACI-,
15753,+ACI-MINI CROISSANTS+ACI-,+ACI-Kroger+ACI-,
15754,+ACI-OGX CONDITIONER+ACI-,+ACI-Kroger+ACI-,
15755,+ACI-ECPN FFDHRSHYAL MND+ACI-,+ACI-Kroger+ACI-,
15756,+ACI-0RE0 RED VELVET+ACI-,+ACI-Publix+ACI-,
15757,+ACI-KRO TACO SHELLLS+ACI-,+ACI-Kroger+ACI-,
15758,+ACI-LLIMIT ONE 50 FUELPTTBONUS PER 7+ACI-,+ACI-Kroger+ACI-,
15759,+ACI-LIMIITONE 50 FUELPT BONUS PER 7+ACI-,+ACI-Kroger+ACI-,
15760,+ACI-ORR PASTAA+ACI-,+ACI-Kroger+ACI-,
15761,+ACI-KRO COCONUTT+ACI-,+ACI-Kroger+ACI-,
15762,+ACI-SANDUSKY+ACI-,+ACI-Kroger+ACI-,
15763,+ACI-SKINNY COW CONES+ACI-,+ACI-Kroger+ACI-,
15764,+ACI-KRO PNTO BN+ACI-,+ACI-Kroger+ACI-,
15765,+ACI-GROCERY COUPON+ACI-,+ACI-Safeway+ACI-,
15766,+ACI-PR000TI0N+ACI-,+ACI-Publix+ACI-,
15767,+ACI-RNSE AID+ACI-,+ACI-Kroger+ACI-,
15768,+ACI-KRO SALTT+ACI-,+ACI-Kroger+ACI-,
15769,+ACI-SHEBA BEEF+ACI-,+ACI-Kroger+ACI-,
15770,+ACI-P0LLY0 RICOTTA SK+ACI-,+ACI-Publix+ACI-,
15771,+ACI-SOUR PATCH KIDS PPC+ACI-,+ACI-Kroger+ACI-,
15772,+ACI-MICH POPN CKN PPC+ACI-,+ACI-Kroger+ACI-,
15773,+ACI-8 2 FOR 600+ACI-,+ACI-Publix+ACI-,
15774,+ACI-STO PRTBELLA WHL+ACI-,+ACI-Kroger+ACI-,
15775,+ACI-VISITD+ACI-,+ACI-Kroger+ACI-,
15776,+ACI-SHOWBOATBEANS+ACI-,+ACI-Kroger+ACI-,
15777,+ACI-WSCH CHEESE+ACI-,+ACI-Kroger+ACI-,
15778,+ACI-BBUSH RIJOLES NEG+ACI-,+ACI-Publix+ACI-,
15779,+ACI-TMIS CAT TREAT+ACI-,+ACI-Kroger+ACI-,
15780,+ACI-SUNSHINECCHEEZITS+ACI-,+ACI-Kroger+ACI-,
15781,+ACI-KKELL FRSTD MINI+ACI-,+ACI-Kroger+ACI-,
15782,+ACI-THIS MONTHS OINTS EXPIRE+ACI-,+ACI-Kroger+ACI-,
15783,+ACI-CORN BICL IS PPC+ACI-,+ACI-Kroger+ACI-,
15784,+ACI-MICH SWT  SR CKN+ACI-,+ACI-Kroger+ACI-,
15785,+ACI-SSC SENIOR+ACI-,+ACI-Kroger+ACI-,
15786,+ACI-TOLAL+ACI-,+ACI-Publix+ACI-,
15787,+ACI-AMISH CTY LHCOLBY+ACI-,+ACI-Publix+ACI-,
15788,+ACI-KALEEBUYCHH+ACI-,+ACI-Kroger+ACI-,
15789,+ACI-MLNO FR BRD+ACI-,+ACI-Kroger+ACI-,
15790,+ACI-TYC POTATOES PPC+ACI-,+ACI-Kroger+ACI-,
15791,+ACI-MELON MIX+ACI-,+ACI-Kroger+ACI-,
15792,+ACI-ST WALNUTS PCS RAW+ACI-,+ACI-Kroger+ACI-,
15793,+ACI-GGREENWISE SOY VAN+ACI-,+ACI-Publix+ACI-,
15794,+ACI-ROERSVINS+ACI-,+ACI-Kroger+ACI-,
15795,+ACI-KKRO LIQ HAND SOAP+ACI-,+ACI-Kroger+ACI-,
15796,+ACI-BBC BROWNIE SUPREM+ACI-,+ACI-Publix+ACI-,
15797,+ACI-PENCIL 2+ACI-,+ACI-Kroger+ACI-,
15798,+ACI-GGWISE CHIC SAUS+ACI-,+ACI-Publix+ACI-,
15799,+ACI-CCLIFBAR+ACI-,+ACI-Kroger+ACI-,
15800,+ACI-KKRO FRUITSNACK+ACI-,+ACI-Safeway+ACI-,
15801,+ACI-DDOLE MANDARIN ORNG+ACI-,+ACI-Kroger+ACI-,
15802,+ACI-TTLY TEA BAG PPC+ACI-,+ACI-Kroger+ACI-,
15803,+ACI-GALATSHELL 0N+ACI-,+ACI-Kroger+ACI-,
15804,+ACI-GW HALFHALF QT+ACI-,+ACI-Publix+ACI-,
15805,+ACI-L HAM+ACI-,+ACI-Kroger+ACI-,
15806,+ACI-OBBACON+ACI-,+ACI-Kroger+ACI-,
15807,+ACI-ROGER SAVINES+ACI-,+ACI-Kroger+ACI-,
15808,+ACI-HOSTESSBBRANDS AT+ACI-,+ACI-Publix+ACI-,
15809,+ACI-LYSOL 4IN WIPES+ACI-,+ACI-Publix+ACI-,
15810,+ACI-OSCM P3 CHICKEN PPC+ACI-,+ACI-Kroger+ACI-,
15811,+ACI-QUAKER INS OATMEAL T+ACI-,+ACI-Kroger+ACI-,
15812,+ACI-PUSH POP+ACI-,+ACI-Kroger+ACI-,
15813,+ACI-VENUS DISPVRAZOR+ACI-,+ACI-Publix+ACI-,
15814,+ACI-KRO CHICKEN STRIPPC+ACI-,+ACI-Kroger+ACI-,
15815,+ACI-PLUM POUCH PPC+ACI-,+ACI-Publix+ACI-,
15816,+ACI-DDELM SPINACHH+ACI-,+ACI-Kroger+ACI-,
15817,+ACI-1 2 FOR 30+ACI-,+ACI-Publix+ACI-,
15818,+ACI-PBX DELI MOZZ BALL+ACI-,+ACI-Kroger+ACI-,
15819,+ACI-SKIPNATPNUTDBTR+ACI-,+ACI-Publix+ACI-,
15820,+ACI-BBFG CAKES+ACI-,+ACI-Kroger+ACI-,
15821,+ACI-STRBCK COFFEE PPC+ACI-,+ACI-Kroger+ACI-,
15822,+ACI-BBEEFGRIINDS+ACI-,+ACI-Kroger+ACI-,
15823,+ACI-DIYA DF CHDR+ACI-,+ACI-Kroger+ACI-,
15824,+ACI-DIXIE CUPS+ACI-,+ACI-Kroger+ACI-,
15825,+ACI-C KOER SWINS+ACI-,+ACI-Publix+ACI-,
15826,+ACI-KMC ECPN PAMPERS+ACI-,+ACI-Kroger+ACI-,
15827,+ACI-MILOS EA+ACI-,+ACI-Kroger+ACI-,
15828,+ACI-YOUR ASHIIER WAS CHEC+ACI-,+ACI-Kroger+ACI-,
15829,+ACI-JM DN FRZN MEAL+ACI-,+ACI-Kroger+ACI-,
15830,+ACI-NBSC 0RE0 RED VEL+ACI-,+ACI-Kroger+ACI-,
15831,+ACI-LMND+ACI-,+ACI-Kroger+ACI-,
15832,+ACI-MINECRFT+ACI-,+ACI-Kroger+ACI-,
15833,+ACI-STEAK PPC+ACI-,+ACI-Kroger+ACI-,
15834,+ACI-KKRO TKYBRST+ACI-,+ACI-Kroger+ACI-,
15835,+ACI-VIGO MAR ARTICHOKE+ACI-,+ACI-Kroger+ACI-,
15836,+ACI-NV OATMEAL BITES+ACI-,+ACI-Publix+ACI-,
15837,+ACI-KKRO PAYROLL CHECK+ACI-,+ACI-Kroger+ACI-,
15838,+ACI-TAMPA BAY TIME SUN+ACI-,+ACI-Publix+ACI-,
15839,+ACI-KKRO TOASTER TREATPC+ACI-,+ACI-Kroger+ACI-,
15840,+ACI-SC KROGER KRO GREEN BEAN+ACI-,+ACI-Kroger+ACI-,
15841,+ACI-STRAWBERRY SHAKE+ACI-,+ACI-Publix+ACI-,
15842,+ACI-SHRIMP CKD+ACI-,+ACI-Kroger+ACI-,
15843,+ACI-BBINT BAR+ACI-,+ACI-Kroger+ACI-,
15844,+ACI-CURRENTMONTH OFFERED ATTTHE PUMP+ACI-,+ACI-Kroger+ACI-,
15845,+ACI-WW MORNING EXPRESS+ACI-,+ACI-Kroger+ACI-,
15846,+ACI-T CREAMER+ACI-,+ACI-Kroger+ACI-,
15847,+ACI-SC KKRGER SVINGS+ACI-,+ACI-Kroger+ACI-,
15848,+ACI-GOYA RICE MIX+ACI-,+ACI-Kroger+ACI-,
15849,+ACI-LLA SAUCE+ACI-,+ACI-Kroger+ACI-,
15850,+ACI-CAT CHOW COMPLETE+ACI-,+ACI-Publix+ACI-,
15851,+ACI-KRFTCHESE+ACI-,+ACI-Kroger+ACI-,
15852,+ACI-VEG  CHEESE BITES+ACI-,+ACI-Publix+ACI-,
15853,+ACI-GEATTTORTCCHIPS+ACI-,+ACI-Kroger+ACI-,
15854,+ACI-LAT YOGURT+ACI-,+ACI-Kroger+ACI-,
15855,+ACI-AISIN BRAN+ACI-,+ACI-Kroger+ACI-,
15856,+ACI-ALEVE CAPLETS+ACI-,+ACI-Kroger+ACI-,
15857,+ACI-RD SUMMRFUEL2X PTS+ACI-,+ACI-Kroger+ACI-,
15858,+ACI-N POTATO C+ACI-,+ACI-Kroger+ACI-,
15859,+ACI-OTION+ACI-,+ACI-Kroger+ACI-,
15860,+ACI-AQUAFIINA WATER+ACI-,+ACI-Kroger+ACI-,
15861,+ACI-0R WHITE GOURMET+ACI-,+ACI-Publix+ACI-,
15862,+ACI-CMFRTS PTRLM JELLY+ACI-,+ACI-Kroger+ACI-,
15863,+ACI-NED COUON+ACI-,+ACI-Kroger+ACI-,
15864,+ACI-1 G 2 FOR 499+ACI-,+ACI-Publix+ACI-,
15865,+ACI-LIIMIITONE 50 FUELPTBONUS PER+ACI-,+ACI-Kroger+ACI-,
15866,+ACI-GLDL CRNBRD MIX+ACI-,+ACI-Kroger+ACI-,
15867,+ACI-BEYE FRZN BROC PPC+ACI-,+ACI-Kroger+ACI-,
15868,+ACI-ECPN SEATTLES BEST+ACI-,+ACI-Kroger+ACI-,
15869,+ACI-WT DDOLEBANANAS+ACI-,+ACI-Kroger+ACI-,
15870,+ACI-GER SAVINGGS+ACI-,+ACI-Kroger+ACI-,
15871,+ACI-LIIMITTONE+ACI-,+ACI-Kroger+ACI-,
15872,+ACI-HRML GENOA SUB+ACI-,+ACI-Kroger+ACI-,
15873,+ACI-RRNI CHICKEN CUP+ACI-,+ACI-Kroger+ACI-,
15874,+ACI-FRIISKIIES CAT F00D+ACI-,+ACI-Kroger+ACI-,
15875,+ACI-N SOY SCE+ACI-,+ACI-Kroger+ACI-,
15876,+ACI-TYSN DICED CHKN+ACI-,+ACI-Kroger+ACI-,
15877,+ACI-PLAY TEX TAMPONS+ACI-,+ACI-Kroger+ACI-,
15878,+ACI-THOMAS PLN MINIBA+ACI-,+ACI-Publix+ACI-,
15879,+ACI-PASTA RONI HERBS+ACI-,+ACI-Publix+ACI-,
15880,+ACI-TMEYUM PUNCHH PPC+ACI-,+ACI-Kroger+ACI-,
15881,+ACI-SB STAY CLN SPONG+ACI-,+ACI-Publix+ACI-,
15882,+ACI-PPSST VINEGAR+ACI-,+ACI-Kroger+ACI-,
15883,+ACI-WT LETTUCE BOST+ACI-,+ACI-Kroger+ACI-,
15884,+ACI-WRGLY ORBIT SWTM+ACI-,+ACI-Kroger+ACI-,
15885,+ACI-1G 3 FOR 500+ACI-,+ACI-Publix+ACI-,
15886,+ACI-KROTOASTER PSTRY+ACI-,+ACI-Kroger+ACI-,
15887,+ACI-0M TURKAMERORED+ACI-,+ACI-Kroger+ACI-,
15888,+ACI-STSH TEA+ACI-,+ACI-Kroger+ACI-,
15889,+ACI-BBEEFROAST+ACI-,+ACI-Kroger+ACI-,
15890,+ACI-LTD8 DONUTS+ACI-,+ACI-Kroger+ACI-,
15891,+ACI-M00G DOG F00D+ACI-,+ACI-Kroger+ACI-,
15892,+ACI-2 FOR 285+ACI-,+ACI-Publix+ACI-,
15893,+ACI-KKRO 1 LFMILK PPC+ACI-,+ACI-Kroger+ACI-,
15894,+ACI-DARK CHOCO ALMONDS+ACI-,+ACI-Publix+ACI-,
15895,+ACI-CASUAL BTMS+ACI-,+ACI-Kroger+ACI-,
15896,+ACI-TENDRLN+ACI-,+ACI-Kroger+ACI-,
15897,+ACI-KKROGER SNACK BAG+ACI-,+ACI-Kroger+ACI-,
15898,+ACI-MAY 2017KC THRU 3LMAY+ACI-,+ACI-Kroger+ACI-,
15899,+ACI-KKRO PANCAKES+ACI-,+ACI-Kroger+ACI-,
15900,+ACI-LIIMIT NE 50 FUEL PT BONUS PER 7+ACI-,+ACI-Publix+ACI-,
15901,+ACI-MENTOS BREATHMINTS+ACI-,+ACI-Publix+ACI-,
15902,+ACI-ANNUALL CARD+ACI-,+ACI-Kroger+ACI-,
15903,+ACI-LL WHITE CHOC MAC+ACI-,+ACI-Publix+ACI-,
15904,+ACI-CLOROX WIPES LAVEN+ACI-,+ACI-Publix+ACI-,
15905,+ACI-STO FLOUR TORTILLA+ACI-,+ACI-Kroger+ACI-,
15906,+ACI-X MIX CHDDR+ACI-,+ACI-Kroger+ACI-,
15907,+ACI-KICKSTARTBLK CHY+ACI-,+ACI-Publix+ACI-,
15908,+ACI-TAX 0+ACI-,+ACI-Kroger+ACI-,
15909,+ACI-PIONEER GRAVYMMIX+ACI-,+ACI-Kroger+ACI-,
15910,+ACI-BBELVITABBRWN SUGAR+ACI-,+ACI-Publix+ACI-,
15911,+ACI-S CATFOOD+ACI-,+ACI-Kroger+ACI-,
15912,+ACI-ENT SAVIG+ACI-,+ACI-Kroger+ACI-,
15913,+ACI-K CAKES+ACI-,+ACI-Kroger+ACI-,
15914,+ACI-VF DEEBIIT CARD+ACI-,+ACI-Safeway+ACI-,
15915,+ACI-SIG APPLE JUICE+ACI-,+ACI-Safeway+ACI-,
15916,+ACI-RBK COFFEE+ACI-,+ACI-Kroger+ACI-,
15917,+ACI-KRO MRSH CRM+ACI-,+ACI-Kroger+ACI-,
15918,+ACI-KKRO OLIVES PPC+ACI-,+ACI-Kroger+ACI-,
15919,+ACI-JELLOCHOCOLATE+ACI-,+ACI-Publix+ACI-,
15920,+ACI-MLLR CHBRST+ACI-,+ACI-Publix+ACI-,
15921,+ACI-TYSN CKN BRSTTHN+ACI-,+ACI-Kroger+ACI-,
15922,+ACI-KAHN WIENERS PPC+ACI-,+ACI-Kroger+ACI-,
15923,+ACI-KRO TTUNA+ACI-,+ACI-Kroger+ACI-,
15924,+ACI-M TURKEY+ACI-,+ACI-Kroger+ACI-,
15925,+ACI-WT DDOLE BANANAS+ACI-,+ACI-Publix+ACI-,
15926,+ACI-PAMBUTTER+ACI-,+ACI-Kroger+ACI-,
15927,+ACI-FUEL PONTS THIS ORDER+ACI-,+ACI-Kroger+ACI-,
15928,+ACI-RF MILK PPC+ACI-,+ACI-Kroger+ACI-,
15929,+ACI-MRSC CROUTON PPC+ACI-,+ACI-Kroger+ACI-,
15930,+ACI-PARTICIIPATING SHELLS 0N+ACI-,+ACI-Kroger+ACI-,
15931,+ACI-PURELFTEA+ACI-,+ACI-Kroger+ACI-,
15932,+ACI-BIC MECH PENCIL+ACI-,+ACI-Kroger+ACI-,
15933,+ACI-PEPSI CRYSTAL+ACI-,+ACI-Kroger+ACI-,
15934,+ACI-NIOR REWARDS 5+ACI-,+ACI-Kroger+ACI-,
15935,+ACI-BEL MOZZ PEARLS+ACI-,+ACI-Kroger+ACI-,
15936,+ACI-KRO SLEEP AID+ACI-,+ACI-Kroger+ACI-,
15937,+ACI-PPRSL OATMEAL+ACI-,+ACI-Kroger+ACI-,
15938,+ACI-BJ CECREAM+ACI-,+ACI-Publix+ACI-,
15939,+ACI-TSTKAK APPLE PIE+ACI-,+ACI-Kroger+ACI-,
15940,+ACI-HMK CARD EAS+ACI-,+ACI-Kroger+ACI-,
15941,+ACI-SNBTTR SNFLWR SPRD+ACI-,+ACI-Kroger+ACI-,
15942,+ACI-OATML+ACI-,+ACI-Kroger+ACI-,
15943,+ACI-STRDX MED PADS+ACI-,+ACI-Kroger+ACI-,
15944,+ACI-DEBIT 9+ACI-,+ACI-Kroger+ACI-,
15945,+ACI-SPRK WTR PPC+ACI-,+ACI-Kroger+ACI-,
15946,+ACI-LOBSTER TAIL SMALL+ACI-,+ACI-Kroger+ACI-,
15947,+ACI-KKRFTMACCHS+ACI-,+ACI-Publix+ACI-,
15948,+ACI-PEDIGREE DNTASTIX+ACI-,+ACI-Kroger+ACI-,
15949,+ACI-WT BBANANAS YELLLLOW+ACI-,+ACI-Safeway+ACI-,
15950,+ACI-DIGIORNO CHS+ACI-,+ACI-Kroger+ACI-,
15951,+ACI-ARGO CRNSTCH+ACI-,+ACI-Kroger+ACI-,
15952,+ACI-BBRHD RST KY+ACI-,+ACI-Kroger+ACI-,
15953,+ACI-R GAL ATKROGER+ACI-,+ACI-Kroger+ACI-,
15954,+ACI-C KOER SAVINS+ACI-,+ACI-Publix+ACI-,
15955,+ACI-PER GAL ARSHELLON+ACI-,+ACI-Kroger+ACI-,
15956,+ACI-CNTRYTDLEMONADE+ACI-,+ACI-Kroger+ACI-,
15957,+ACI-FUEL POINT THIS ORDER+ACI-,+ACI-Publix+ACI-,
15958,+ACI-HRML SMK HAM PPC+ACI-,+ACI-Kroger+ACI-,
15959,+ACI-KRO SMK SAUSG+ACI-,+ACI-Kroger+ACI-,
15960,+ACI-YOPLAIT YOGRT PPC+ACI-,+ACI-Kroger+ACI-,
15961,+ACI-GRDBEEF+ACI-,+ACI-Kroger+ACI-,
15962,+ACI-R SAUSAGE PPC+ACI-,+ACI-Kroger+ACI-,
15963,+ACI-ARMR VNA SG+ACI-,+ACI-Kroger+ACI-,
15964,+ACI-STRAWBERRIES VALUEPC+ACI-,+ACI-Kroger+ACI-,
15965,+ACI-PURINAL CAT F00D+ACI-,+ACI-Kroger+ACI-,
15966,+ACI-Y CRUST+ACI-,+ACI-Kroger+ACI-,
15967,+ACI-SPROUT PUFFS+ACI-,+ACI-Kroger+ACI-,
15968,+ACI-F COFFEE+ACI-,+ACI-Kroger+ACI-,
15969,+ACI-TRSME SHMP VOL+ACI-,+ACI-Kroger+ACI-,
15970,+ACI-ECPN ZEST+ACI-,+ACI-Publix+ACI-,
15971,+ACI-0RE0 THINS LEMON+ACI-,+ACI-Publix+ACI-,
15972,+ACI-KIELBAS+ACI-,+ACI-Kroger+ACI-,
15973,+ACI-PRNG 18CT VARTY PK+ACI-,+ACI-Publix+ACI-,
15974,+ACI-HTGF CHK THIGHH+ACI-,+ACI-Kroger+ACI-,
15975,+ACI-NBSC NTR BTR BIT+ACI-,+ACI-Kroger+ACI-,
15976,+ACI-DC ALEXIA+ACI-,+ACI-Kroger+ACI-,
15977,+ACI-STSALAD+ACI-,+ACI-Kroger+ACI-,
15978,+ACI-N THIGHS+ACI-,+ACI-Kroger+ACI-,
15979,+ACI-ORGANIC SWEETPOTA+ACI-,+ACI-Publix+ACI-,
15980,+ACI-IDAH FOUR CH MASH+ACI-,+ACI-Publix+ACI-,
15981,+ACI-CHO LOOMNGOPASSN+ACI-,+ACI-Publix+ACI-,
15982,+ACI-GGG CUTGREEN BEANS+ACI-,+ACI-Kroger+ACI-,
15983,+ACI-LLIMIT ONE 50 FUELPT BONUSPER+ACI-,+ACI-Kroger+ACI-,
15984,+ACI-JM BOLOGNA+ACI-,+ACI-Kroger+ACI-,
15985,+ACI-S0000RG BEANS+ACI-,+ACI-Kroger+ACI-,
15986,+ACI-0 FOR 400+ACI-,+ACI-Publix+ACI-,
15987,+ACI-RECEIIVE+ACI-,+ACI-Publix+ACI-,
15988,+ACI-PPBX RFMOZZ STRNG+ACI-,+ACI-Kroger+ACI-,
15989,+ACI-NTALOUPE+ACI-,+ACI-Kroger+ACI-,
15990,+ACI-FURCHASE+ACI-,+ACI-Kroger+ACI-,
15991,+ACI-DONUTCHOC 160Z+ACI-,+ACI-Publix+ACI-,
15992,+ACI-GOOD FOOD DIPS+ACI-,+ACI-Publix+ACI-,
15993,+ACI-PUB RUB ALCOHOL+ACI-,+ACI-Publix+ACI-,
15994,+ACI-PUB SPICY CHILI BN+ACI-,+ACI-Kroger+ACI-,
15995,+ACI-IBERIA TURTLE BEAN+ACI-,+ACI-Publix+ACI-,
15996,+ACI-WTT ROMAS ORG+ACI-,+ACI-Kroger+ACI-,
15997,+ACI-WT GRAPES RED G+ACI-,+ACI-Kroger+ACI-,
15998,+ACI-KRO TACO SSNG C+ACI-,+ACI-Kroger+ACI-,
15999,+ACI-S RUSSET+ACI-,+ACI-Kroger+ACI-,
16000,+ACI-GEEN PEPER+ACI-,+ACI-Kroger+ACI-,
16001,+ACI-DR SCHL INS+ACI-,+ACI-Kroger+ACI-,
16002,+ACI-LIMITTONE 50 FUEL PTTBONUS PER 7+ACI-,+ACI-Kroger+ACI-,
16003,+ACI-TURKEY PEPPERED PT+ACI-,+ACI-Safeway+ACI-,
16004,+ACI-STO FS SALSBRY STK+ACI-,+ACI-Publix+ACI-,
16005,+ACI-BBLACK BEANS CAN+ACI-,+ACI-Publix+ACI-,
16006,+ACI-0 ORGNC CARROTS+ACI-,+ACI-Safeway+ACI-,
16007,+ACI-BEEBTFOOD+ACI-,+ACI-Kroger+ACI-,
16008,+ACI-HMS DRY SHEET+ACI-,+ACI-Kroger+ACI-,
16009,+ACI-PPBX 0R TKY BRST+ACI-,+ACI-Kroger+ACI-,
16010,+ACI-RESTRIICTIIONS+ACI-,+ACI-Kroger+ACI-,
16011,+ACI-EXCEDRIN ES+ACI-,+ACI-Kroger+ACI-,
16012,+ACI-SC 50 OFF KR SAUCES+ACI-,+ACI-Kroger+ACI-,
16013,+ACI-RADE G2+ACI-,+ACI-Kroger+ACI-,
16014,+ACI-KKRO IBUPROFEN+ACI-,+ACI-Publix+ACI-,
16015,+ACI-SIG CKN BS TEN IQF+ACI-,+ACI-Safeway+ACI-,
16016,+ACI-THIS MONTHS PONTS EXPIRE+ACI-,+ACI-Kroger+ACI-,
16017,+ACI-SPRIING MIX SALAD+ACI-,+ACI-Publix+ACI-,
16018,+ACI-BBTYC STAR WARS FS+ACI-,+ACI-Kroger+ACI-,
16019,+ACI-R SFVINGS+ACI-,+ACI-Kroger+ACI-,
16020,+ACI-WHEAT TORTILLAPC+ACI-,+ACI-Kroger+ACI-,
16021,+ACI-KIIELBASA+ACI-,+ACI-Kroger+ACI-,
16022,+ACI-KKRGER SWINS+ACI-,+ACI-Kroger+ACI-,
16023,+ACI-HTGFPOTATOES RSSTPC+ACI-,+ACI-Kroger+ACI-,
16024,+ACI-KKRO OATMEAL+ACI-,+ACI-Kroger+ACI-,
16025,+ACI-FF OCN WHTFSHTUNA+ACI-,+ACI-Publix+ACI-,
16026,+ACI-LIBBY SWEETPEAS+ACI-,+ACI-Publix+ACI-,
16027,+ACI-KRO APPLE BUTTER+ACI-,+ACI-Kroger+ACI-,
16028,+ACI-KKROGER ANTACID+ACI-,+ACI-Kroger+ACI-,
16029,+ACI-TOMATO HALVES+ACI-,+ACI-Publix+ACI-,
16030,+ACI-BBRAGG VIN APCID+ACI-,+ACI-Publix+ACI-,
16031,+ACI-V8 FUS MXDBER LGT+ACI-,+ACI-Publix+ACI-,
16032,+ACI-VIINGS+ACI-,+ACI-Kroger+ACI-,
16033,+ACI-CBAD CHKEN ALFREDO+ACI-,+ACI-Publix+ACI-,
16034,+ACI-KKRO TOOTHBRUSHH+ACI-,+ACI-Kroger+ACI-,
16035,+ACI-EMERALD NAT ALMDS+ACI-,+ACI-Publix+ACI-,
16036,+ACI-OGER SAVINOS+ACI-,+ACI-Kroger+ACI-,
16037,+ACI-MFG CPN SAVIN+ACI-,+ACI-Kroger+ACI-,
16038,+ACI-WT ONIONS SWEETT PPC+ACI-,+ACI-Kroger+ACI-,
16039,+ACI-CESR SEL FLTMIGNO+ACI-,+ACI-Publix+ACI-,
16040,+ACI-STRAWBERRY PARFAIT+ACI-,+ACI-Kroger+ACI-,
16041,+ACI-SKIPNATPNUTBTR+ACI-,+ACI-Kroger+ACI-,
16042,+ACI-BBEEFPFOR STIR FRY+ACI-,+ACI-Publix+ACI-,
16043,+ACI-KRO IC CUP+ACI-,+ACI-Kroger+ACI-,
16044,+ACI-G K COLAA+ACI-,+ACI-Kroger+ACI-,
16045,+ACI-BBUD LLIGHTT+ACI-,+ACI-Kroger+ACI-,
16046,+ACI-RREYNOLDS WRAP FOIL+ACI-,+ACI-Kroger+ACI-,
16047,+ACI-MRS T SAVORY ONION+ACI-,+ACI-Publix+ACI-,
16048,+ACI-WT APPLEEGRAN SM EURO+ACI-,+ACI-Kroger+ACI-,
16049,+ACI-MOML COCOA DYNO BTPC+ACI-,+ACI-Kroger+ACI-,
16050,+ACI-MUFFINS+ACI-,+ACI-Publix+ACI-,
16051,+ACI-YANKEE CAR JAR+ACI-,+ACI-Kroger+ACI-,
16052,+ACI-PRSL GEN SLM+ACI-,+ACI-Kroger+ACI-,
16053,+ACI-TYSN CHKN PATTY PPC+ACI-,+ACI-Kroger+ACI-,
16054,+ACI-PGW STRAWBERRY 0G+ACI-,+ACI-Publix+ACI-,
16055,+ACI-CH02 COCONUT+ACI-,+ACI-Publix+ACI-,
16056,+ACI-APPLES MCINTOSH+ACI-,+ACI-Kroger+ACI-,
16057,+ACI-CHICKN BRST NUGGET+ACI-,+ACI-Publix+ACI-,
16058,+ACI-KRO SFPUDDING MIX+ACI-,+ACI-Kroger+ACI-,
16059,+ACI-CELERY PPC+ACI-,+ACI-Publix+ACI-,
16060,+ACI-KKRAFTMAYO+ACI-,+ACI-Publix+ACI-,
16061,+ACI-SWEETWATER 12PK+ACI-,+ACI-Publix+ACI-,
16062,+ACI-ROMAINE BLEND+ACI-,+ACI-Kroger+ACI-,
16063,+ACI-DWNY BEADS+ACI-,+ACI-Kroger+ACI-,
16064,+ACI-F CHK FYR+ACI-,+ACI-Kroger+ACI-,
16065,+ACI-OSCM LUNHABLE+ACI-,+ACI-Publix+ACI-,
16066,+ACI-CTOMNAPKINS+ACI-,+ACI-Kroger+ACI-,
16067,+ACI-KKL AIDDRINKMIX+ACI-,+ACI-Kroger+ACI-,
16068,+ACI-WT SQUASH YLW C+ACI-,+ACI-Kroger+ACI-,
16069,+ACI-CONTADINA PZZA SCE+ACI-,+ACI-Publix+ACI-,
16070,+ACI-MEDIUM ROAST SS+ACI-,+ACI-Publix+ACI-,
16071,+ACI-OSCM PE CHKN CSHWS+ACI-,+ACI-Kroger+ACI-,
16072,+ACI-BBJ ICECCREAM+ACI-,+ACI-Kroger+ACI-,
16073,+ACI-WTT APPLES+ACI-,+ACI-Kroger+ACI-,
16074,+ACI-EFFECTIVEAUGUST+ACI-,+ACI-Kroger+ACI-,
16075,+ACI-PPBX ITLN WHL SUB+ACI-,+ACI-Publix+ACI-,
16076,+ACI-S KKOER SWINS+ACI-,+ACI-Publix+ACI-,
16077,+ACI-LLIMIT ONE 50 FUE PT BONUS PER+ACI-,+ACI-Kroger+ACI-,
16078,+ACI-EVE QUENCHERS+ACI-,+ACI-Kroger+ACI-,
16079,+ACI-TAIN DEW+ACI-,+ACI-Kroger+ACI-,
16080,+ACI-0 OLIVES+ACI-,+ACI-Kroger+ACI-,
16081,+ACI-HSFUTLWR SDM HM+ACI-,+ACI-Publix+ACI-,
16082,+ACI-K TEA+ACI-,+ACI-Kroger+ACI-,
16083,+ACI-HEBN BEEF RANKS+ACI-,+ACI-Publix+ACI-,
16084,+ACI-S TURKEY+ACI-,+ACI-Kroger+ACI-,
16085,+ACI-SC KKOGER SAINGS+ACI-,+ACI-Kroger+ACI-,
16086,+ACI-OSCM CHKN BLD CHPLPC+ACI-,+ACI-Kroger+ACI-,
16087,+ACI-PSSTCCINNAMN+ACI-,+ACI-Kroger+ACI-,
16088,+ACI-WHITE RICE+ACI-,+ACI-Kroger+ACI-,
16089,+ACI-SON BROTHH+ACI-,+ACI-Kroger+ACI-,
16090,+ACI-KKRFTCHEESE PPC+ACI-,+ACI-Kroger+ACI-,
16091,+ACI-USIING YOUR DEBIIT+ACI-,+ACI-Kroger+ACI-,
16092,+ACI-KRO PECAN PCS+ACI-,+ACI-Kroger+ACI-,
16093,+ACI-FUEL POINIS HIS ORDER+ACI-,+ACI-Publix+ACI-,
16094,+ACI-OBANI YOGURT PPC+ACI-,+ACI-Kroger+ACI-,
16095,+ACI-NANCYS QUICHE+ACI-,+ACI-Publix+ACI-,
16096,+ACI-KRO CEREAL BARS PPC+ACI-,+ACI-Kroger+ACI-,
16097,+ACI-PUBLIX CUT POTATO+ACI-,+ACI-Publix+ACI-,
16098,+ACI-NC GROUND TURKEY+ACI-,+ACI-Publix+ACI-,
16099,+ACI-10A SENIOR DISC+ACI-,+ACI-Kroger+ACI-,
16100,+ACI-DEL MONTE FRUIT+ACI-,+ACI-Kroger+ACI-,
16101,+ACI-AQUA FINA WATER+ACI-,+ACI-Publix+ACI-,
16102,+ACI-DDIGRN PIZZA PPC+ACI-,+ACI-Publix+ACI-,
16103,+ACI-SNDR CH BRST PPC+ACI-,+ACI-Kroger+ACI-,
16104,+ACI-OBERTO TRYKIJERKY+ACI-,+ACI-Publix+ACI-,
16105,+ACI-NAB RFNLLA WAFER+ACI-,+ACI-Publix+ACI-,
16106,+ACI-DELI TEA GINSENG G+ACI-,+ACI-Kroger+ACI-,
16107,+ACI-DMCS SALT+ACI-,+ACI-Kroger+ACI-,
16108,+ACI-KRO IIBUPROFEN+ACI-,+ACI-Kroger+ACI-,
16109,+ACI-UPCR TRNOVER+ACI-,+ACI-Kroger+ACI-,
16110,+ACI-PUB SPICY BRWN MUS+ACI-,+ACI-Publix+ACI-,
16111,+ACI-WT TOMATOES TV+ACI-,+ACI-Kroger+ACI-,
16112,+ACI-STMLT MXD FR+ACI-,+ACI-Kroger+ACI-,
16113,+ACI-BBLBRY BAN ALMNDMLK+ACI-,+ACI-Publix+ACI-,
16114,+ACI-CAPRI FRUITTLOPK+ACI-,+ACI-Kroger+ACI-,
16115,+ACI-KKROGER SAVONGS+ACI-,+ACI-Kroger+ACI-,
16116,+ACI-KRFTMIRACLE WHIPPC+ACI-,+ACI-Kroger+ACI-,
16117,+ACI-BBRY THK B0L0+ACI-,+ACI-Kroger+ACI-,
16118,+ACI-KRO COCONUT OIL+ACI-,+ACI-Kroger+ACI-,
16119,+ACI-WIITH URLOW+ACI-,+ACI-Kroger+ACI-,
16120,+ACI-SUCCESS BRN RICE+ACI-,+ACI-Publix+ACI-,
16121,+ACI-NAB GOUDA TRISCUIT+ACI-,+ACI-Publix+ACI-,
16122,+ACI-KMM SCANNED COUPNN+ACI-,+ACI-Kroger+ACI-,
16123,+ACI-MILLER 64+ACI-,+ACI-Kroger+ACI-,
16124,+ACI-KRO FFMILK+ACI-,+ACI-Kroger+ACI-,
16125,+ACI-PRSL MPL TKY+ACI-,+ACI-Kroger+ACI-,
16126,+ACI-PPOSTHONEYBUNCHH+ACI-,+ACI-Publix+ACI-,
16127,+ACI-PASSIONFRUITCKTL+ACI-,+ACI-Publix+ACI-,
16128,+ACI-K FYR+ACI-,+ACI-Kroger+ACI-,
16129,+ACI-KKRO FRENCH 0N DIPVPC+ACI-,+ACI-Kroger+ACI-,
16130,+ACI-LIIMITTONE 50 FUELPTBONUS PER+ACI-,+ACI-Kroger+ACI-,
16131,+ACI-HNTS PASTA SAUCE+ACI-,+ACI-Kroger+ACI-,
16132,+ACI-BRHD TURKEY+ACI-,+ACI-Kroger+ACI-,
16133,+ACI-BBANQ POPCORN CHCKN+ACI-,+ACI-Kroger+ACI-,
16134,+ACI-PLUS ENTER OUR+ACI-,+ACI-Kroger+ACI-,
16135,+ACI-BIG K CTRS DROP+ACI-,+ACI-Kroger+ACI-,
16136,+ACI-NTRL APPLESCE+ACI-,+ACI-Kroger+ACI-,
16137,+ACI-0M LABL PEPPPPIZZ+ACI-,+ACI-Publix+ACI-,
16138,+ACI-NEWCILANTRO+ACI-,+ACI-Kroger+ACI-,
16139,+ACI-EEA+ACI-,+ACI-Publix+ACI-,
16140,+ACI-AND 12 JUN+ACI-,+ACI-Kroger+ACI-,
16141,+ACI-KKRO HONEYBBEAR+ACI-,+ACI-Kroger+ACI-,
16142,+ACI-Z KETCHUP+ACI-,+ACI-Kroger+ACI-,
16143,+ACI-BEYOND CAT FOOD+ACI-,+ACI-Kroger+ACI-,
16144,+ACI-RSHY SNK SZ PPC+ACI-,+ACI-Publix+ACI-,
16145,+ACI-MNT GREEN BEAN+ACI-,+ACI-Kroger+ACI-,
16146,+ACI-L AID JAMMERS PPC+ACI-,+ACI-Kroger+ACI-,
16147,+ACI-JVLBRWN SGR HNY+ACI-,+ACI-Publix+ACI-,
16148,+ACI-KNORR SOUPMIX+ACI-,+ACI-Kroger+ACI-,
16149,+ACI-ALMAY ANTI PRSPRNT+ACI-,+ACI-Kroger+ACI-,
16150,+ACI-QUESTTBAR+ACI-,+ACI-Kroger+ACI-,
16151,+ACI-SC MEGA EVENT S+ACI-,+ACI-Kroger+ACI-,
16152,+ACI-PUB APL SAUCE CINN+ACI-,+ACI-Kroger+ACI-,
16153,+ACI-SFY FARMS MSHRM WHH+ACI-,+ACI-Safeway+ACI-,
16154,+ACI-KRO TOSTADAS+ACI-,+ACI-Kroger+ACI-,
16155,+ACI-NNUTLA SPREAD+ACI-,+ACI-Publix+ACI-,
16156,+ACI-CARROTDIPCCHIPS+ACI-,+ACI-Publix+ACI-,
16157,+ACI-1 FOR 1000+ACI-,+ACI-Kroger+ACI-,
16158,+ACI-0 COTTAGE CHS+ACI-,+ACI-Kroger+ACI-,
16159,+ACI-LIMIT ONE 50 FUEE PT BONUS PER 7+ACI-,+ACI-Kroger+ACI-,
16160,+ACI-SIG TATER TREATS+ACI-,+ACI-Safeway+ACI-,
16161,+ACI-ARNOLD PALMER ZRO+ACI-,+ACI-Publix+ACI-,
16162,+ACI-R KETCHUP+ACI-,+ACI-Kroger+ACI-,
16163,+ACI-2 FOR 335+ACI-,+ACI-Publix+ACI-,
16164,+ACI-SON BROTH+ACI-,+ACI-Kroger+ACI-,
16165,+ACI-MISSION LG FLOUR T+ACI-,+ACI-Safeway+ACI-,
16166,+ACI-VELVEETA 2 CUPS+ACI-,+ACI-Publix+ACI-,
16167,+ACI-INGS 0+ACI-,+ACI-Kroger+ACI-,
16168,+ACI-NUTBBUTTER+ACI-,+ACI-Kroger+ACI-,
16169,+ACI-ECPN VENUS+ACI-,+ACI-Kroger+ACI-,
16170,+ACI-ENTER OUR MONTHLLY+ACI-,+ACI-Kroger+ACI-,
16171,+ACI-CLLEMONADE+ACI-,+ACI-Publix+ACI-,
16172,+ACI-R PASTASIDE+ACI-,+ACI-Kroger+ACI-,
16173,+ACI-CHEETOS SINGLES+ACI-,+ACI-Publix+ACI-,
16174,+ACI-Y SSG+ACI-,+ACI-Kroger+ACI-,
16175,+ACI-WLTR PICO DE+ACI-,+ACI-Kroger+ACI-,
16176,+ACI-JHN MRLBBACON+ACI-,+ACI-Kroger+ACI-,
16177,+ACI-MRCH YAKIISOBA+ACI-,+ACI-Kroger+ACI-,
16178,+ACI-SYINGS+ACI-,+ACI-Kroger+ACI-,
16179,+ACI-VSLNELOTION+ACI-,+ACI-Kroger+ACI-,
16180,+ACI-DDELITEA UNSWTGAL+ACI-,+ACI-Publix+ACI-,
16181,+ACI-1 2 FOR 500U+ACI-,+ACI-Publix+ACI-,
16182,+ACI-AEVNT SVINS+ACI-,+ACI-Kroger+ACI-,
16183,+ACI-KKRO CHNK CHKN BRSTPC+ACI-,+ACI-Kroger+ACI-,
16184,+ACI-WW CHOC BROWNIE+ACI-,+ACI-Kroger+ACI-,
16185,+ACI-KRONER SAVINGS+ACI-,+ACI-Kroger+ACI-,
16186,+ACI-EEARNSO BONUS+ACI-,+ACI-Kroger+ACI-,
16187,+ACI-PUBLIXTACO SEASON+ACI-,+ACI-Kroger+ACI-,
16188,+ACI-101 EMPLOYEE DISC+ACI-,+ACI-Kroger+ACI-,
16189,+ACI-KRO MMS FC BACON PPC+ACI-,+ACI-Kroger+ACI-,
16190,+ACI-BRTHSVR 3HR SPEARM+ACI-,+ACI-Publix+ACI-,
16191,+ACI-NONAS+ACI-,+ACI-Kroger+ACI-,
16192,+ACI-MTKN POTATOES GF+ACI-,+ACI-Kroger+ACI-,
16193,+ACI-1 FOR 400+ACI-,+ACI-Publix+ACI-,
16194,+ACI-DSCM LUNCHABLE+ACI-,+ACI-Kroger+ACI-,
16195,+ACI-HLTLBREAD PPC+ACI-,+ACI-Kroger+ACI-,
16196,+ACI-KRO PIZZA CRUSTMX+ACI-,+ACI-Kroger+ACI-,
16197,+ACI-BLUE BUNNY SNDWCH+ACI-,+ACI-Kroger+ACI-,
16198,+ACI-MFG CPNSAINGS+ACI-,+ACI-Kroger+ACI-,
16199,+ACI-MASTERCARD CHANGE+ACI-,+ACI-Kroger+ACI-,
16200,+ACI-LLIIMIT ONE+ACI-,+ACI-Kroger+ACI-,
16201,+ACI-KROGER WAFFLES PPC+ACI-,+ACI-Kroger+ACI-,
16202,+ACI-PBX SHRPCCHD CHUNK+ACI-,+ACI-Kroger+ACI-,
16203,+ACI-ECPN ALL+ACI-,+ACI-Kroger+ACI-,
16204,+ACI-L TEA+ACI-,+ACI-Kroger+ACI-,
16205,+ACI-ATHENACCANTALOUPES+ACI-,+ACI-Publix+ACI-,
16206,+ACI-N DAWN+ACI-,+ACI-Kroger+ACI-,
16207,+ACI-CABBAGE RED+ACI-,+ACI-Kroger+ACI-,
16208,+ACI-1 28+ACI-,+ACI-Kroger+ACI-,
16209,+ACI-SM DUTCH APPLE PIE+ACI-,+ACI-Publix+ACI-,
16210,+ACI-0 TFMINICUPCAKES+ACI-,+ACI-Publix+ACI-,
16211,+ACI-HEFTY WH PLATE+ACI-,+ACI-Kroger+ACI-,
16212,+ACI-C THE CREDIITOR AND ISSUER+ACI-,+ACI-Kroger+ACI-,
16213,+ACI-WT YELLOW PEACHES+ACI-,+ACI-Kroger+ACI-,
16214,+ACI-WIIC CHECK+ACI-,+ACI-Kroger+ACI-,
16215,+ACI-WT BBBANANAS+ACI-,+ACI-Kroger+ACI-,
16216,+ACI-4100 MRCH RMN NOODLE+ACI-,+ACI-Kroger+ACI-,
16217,+ACI-PET PRIDE TRNG PAD+ACI-,+ACI-Kroger+ACI-,
16218,+ACI-SC 159 FRITO LAY+ACI-,+ACI-Kroger+ACI-,
16219,+ACI-TYSON CHICK NUGGET+ACI-,+ACI-Publix+ACI-,
16220,+ACI-KR MOZZ CHNK CHEES+ACI-,+ACI-Kroger+ACI-,
16221,+ACI-TOPRAMEN+ACI-,+ACI-Kroger+ACI-,
16222,+ACI-KKRO OATML+ACI-,+ACI-Kroger+ACI-,
16223,+ACI-CHHANGE C+ACI-,+ACI-Kroger+ACI-,
16224,+ACI-TFYN WHL WHTPITA+ACI-,+ACI-Publix+ACI-,
16225,+ACI-BARILLA MUSHROOM+ACI-,+ACI-Publix+ACI-,
16226,+ACI-AXEEBODY SPRAY+ACI-,+ACI-Kroger+ACI-,
16227,+ACI-WAY BETTER BLBEAN+ACI-,+ACI-Publix+ACI-,
16228,+ACI-SPNGLR PPRMNTCANEPC+ACI-,+ACI-Kroger+ACI-,
16229,+ACI-PSI+ACI-,+ACI-Publix+ACI-,
16230,+ACI-E CRACKERS+ACI-,+ACI-Kroger+ACI-,
16231,+ACI-SBR BUFWING SAUCE+ACI-,+ACI-Publix+ACI-,
16232,+ACI-ST BRFST SSG+ACI-,+ACI-Kroger+ACI-,
16233,+ACI-WT GRANNY SMTH APPLES+ACI-,+ACI-Kroger+ACI-,
16234,+ACI-OBBAGELS+ACI-,+ACI-Kroger+ACI-,
16235,+ACI-SNGRG ROTINI+ACI-,+ACI-Kroger+ACI-,
16236,+ACI-BLACK BERRIES+ACI-,+ACI-Publix+ACI-,
16237,+ACI-V ISIT+ACI-,+ACI-Kroger+ACI-,
16238,+ACI-YOPVPLENTICOATMEAL+ACI-,+ACI-Publix+ACI-,
16239,+ACI-NTS TOMATO SAUCE+ACI-,+ACI-Kroger+ACI-,
16240,+ACI-MRNI DRIED FRUIT+ACI-,+ACI-Kroger+ACI-,
16241,+ACI-RRITZ BITS CHZ SNDW+ACI-,+ACI-Publix+ACI-,
16242,+ACI-2 G+ACI-,+ACI-Kroger+ACI-,
16243,+ACI-R KIELBAS+ACI-,+ACI-Kroger+ACI-,
16244,+ACI-CBTHE CREDITOR AND ISSUER+ACI-,+ACI-Kroger+ACI-,
16245,+ACI-REDEEEM 100PTS 0 SAVE+ACI-,+ACI-Kroger+ACI-,
16246,+ACI-GHIR CHOC CHIPS+ACI-,+ACI-Kroger+ACI-,
16247,+ACI-DDELMNTWHL CORN+ACI-,+ACI-Kroger+ACI-,
16248,+ACI-THHIS MONTHS POTINTS EXPIIRE+ACI-,+ACI-Kroger+ACI-,
16249,+ACI-KRO SHRED+ACI-,+ACI-Publix+ACI-,
16250,+ACI-THIS MONTHS POIVTS EXPIRE+ACI-,+ACI-Kroger+ACI-,
16251,+ACI-NRYN BFGRND+ACI-,+ACI-Kroger+ACI-,
16252,+ACI-DDASANI 24 PACK+ACI-,+ACI-Publix+ACI-,
16253,+ACI-TOWN HSE PARM HERB+ACI-,+ACI-Publix+ACI-,
16254,+ACI-MUSCLE MILK CHOC+ACI-,+ACI-Kroger+ACI-,
16255,+ACI-S KOER SVIG+ACI-,+ACI-Kroger+ACI-,
16256,+ACI-LALA YGRT+ACI-,+ACI-Kroger+ACI-,
16257,+ACI-FUEL POIINTTS THIS MONTH+ACI-,+ACI-Kroger+ACI-,
16258,+ACI-KKR SINGLE AMERICAN+ACI-,+ACI-Publix+ACI-,
16259,+ACI-KRGER SAVIGS+ACI-,+ACI-Kroger+ACI-,
16260,+ACI-KRO FRUITDBOWL+ACI-,+ACI-Kroger+ACI-,
16261,+ACI-BBKD RFLS ORIG PCR+ACI-,+ACI-Publix+ACI-,
16262,+ACI-2 FOR 09+ACI-,+ACI-Publix+ACI-,
16263,+ACI-PILOTG2 PEN BLACK+ACI-,+ACI-Publix+ACI-,
16264,+ACI-JD MAPL ROLL SAUS+ACI-,+ACI-Kroger+ACI-,
16265,+ACI-BBAL DUE+ACI-,+ACI-Kroger+ACI-,
16266,+ACI-IDND COLDSTONE SC+ACI-,+ACI-Publix+ACI-,
16267,+ACI-PX VANILLA EXTRACT+ACI-,+ACI-Publix+ACI-,
16268,+ACI-FSEL BBY SPRINGMX+ACI-,+ACI-Kroger+ACI-,
16269,+ACI-TOTA COUPOS+ACI-,+ACI-Kroger+ACI-,
16270,+ACI-KKRO TORTCHIPS PPC+ACI-,+ACI-Kroger+ACI-,
16271,+ACI-KLN WATER+ACI-,+ACI-Kroger+ACI-,
16272,+ACI-SPINACH BACON KIT+ACI-,+ACI-Kroger+ACI-,
16273,+ACI-HEINZ SEAFD SAUCE+ACI-,+ACI-Publix+ACI-,
16274,+ACI-SUNDOWN VIITAMIN+ACI-,+ACI-Kroger+ACI-,
16275,+ACI-R STEW+ACI-,+ACI-Kroger+ACI-,
16276,+ACI-N MRL BACON+ACI-,+ACI-Kroger+ACI-,
16277,+ACI-TFFPOLY FOLDER+ACI-,+ACI-Publix+ACI-,
16278,+ACI-BAL+ACI-,+ACI-Kroger+ACI-,
16279,+ACI-DELLO POLENTA+ACI-,+ACI-Kroger+ACI-,
16280,+ACI-KRO VIT D+ACI-,+ACI-Kroger+ACI-,
16281,+ACI-POWERADE C+ACI-,+ACI-Kroger+ACI-,
16282,+ACI-KKRO TOPPING PPC+ACI-,+ACI-Kroger+ACI-,
16283,+ACI-PRNAL DOG F00D PPC+ACI-,+ACI-Kroger+ACI-,
16284,+ACI-PLATAIN CHIPS+ACI-,+ACI-Publix+ACI-,
16285,+ACI-WT BARTLETT PEARS+ACI-,+ACI-Safeway+ACI-,
16286,+ACI-SELCARROTS+ACI-,+ACI-Kroger+ACI-,
16287,+ACI-JVF SUNFLOWER SDS+ACI-,+ACI-Kroger+ACI-,
16288,+ACI-LYSOL TUBTILE CLN+ACI-,+ACI-Publix+ACI-,
16289,+ACI-PICO DE GALLO+ACI-,+ACI-Safeway+ACI-,
16290,+ACI-CADO HASS+ACI-,+ACI-Kroger+ACI-,
16291,+ACI-ORGANIC MUSHROOMS+ACI-,+ACI-Kroger+ACI-,
16292,+ACI-WT APPLEEBRAEBURN EUR+ACI-,+ACI-Kroger+ACI-,
16293,+ACI-SNACK RAY+ACI-,+ACI-Kroger+ACI-,
16294,+ACI-WRGLY ECLPS GUM+ACI-,+ACI-Kroger+ACI-,
16295,+ACI-MR CLEAN LQ FBR RN+ACI-,+ACI-Publix+ACI-,
16296,+ACI-SMOOTHIE MIX BERRY+ACI-,+ACI-Publix+ACI-,
16297,+ACI-ROE SVINS+ACI-,+ACI-Kroger+ACI-,
16298,+ACI-CURLYS BBQ CHKN+ACI-,+ACI-Publix+ACI-,
16299,+ACI-DUNHNS BROWNIE MIX+ACI-,+ACI-Kroger+ACI-,
16300,+ACI-ALONIA EV00+ACI-,+ACI-Kroger+ACI-,
16301,+ACI-KKRO FRZ VEG PPC+ACI-,+ACI-Kroger+ACI-,
16302,+ACI-GER SVNS+ACI-,+ACI-Kroger+ACI-,
16303,+ACI-ONEER GRAVY MIX+ACI-,+ACI-Kroger+ACI-,
16304,+ACI-STALMONDMMILK+ACI-,+ACI-Kroger+ACI-,
16305,+ACI-ERKY+ACI-,+ACI-Kroger+ACI-,
16306,+ACI-KROCHEEESE+ACI-,+ACI-Kroger+ACI-,
16307,+ACI-RREGISTER+ACI-,+ACI-Kroger+ACI-,
16308,+ACI-TOIAL CSUPONS+ACI-,+ACI-Kroger+ACI-,
16309,+ACI-WTT RROMA TOMATO+ACI-,+ACI-Kroger+ACI-,
16310,+ACI-LIPTON CUP A SOUP+ACI-,+ACI-Kroger+ACI-,
16311,+ACI-DDM DICED POTATOES+ACI-,+ACI-Publix+ACI-,
16312,+ACI-BBC FR SNACKS VAL+ACI-,+ACI-Kroger+ACI-,
16313,+ACI-HLLS COUGH DRPS+ACI-,+ACI-Kroger+ACI-,
16314,+ACI-POSTER BOARD+ACI-,+ACI-Kroger+ACI-,
16315,+ACI-PILLS CRUST PIZZA+ACI-,+ACI-Kroger+ACI-,
16316,+ACI-WTT PLUMS BLACK+ACI-,+ACI-Kroger+ACI-,
16317,+ACI-T UNA+ACI-,+ACI-Kroger+ACI-,
16318,+ACI-REUSABLE BAG NP+ACI-,+ACI-Kroger+ACI-,
16319,+ACI-NACK CAKES+ACI-,+ACI-Kroger+ACI-,
16320,+ACI-KKRO CHO CHP CKY+ACI-,+ACI-Kroger+ACI-,
16321,+ACI-ST NUTS MIXED RS+ACI-,+ACI-Kroger+ACI-,
16322,+ACI-WT PPEACHES+ACI-,+ACI-Kroger+ACI-,
16323,+ACI-LIIMIT ONE 50 FUELPTBONUS PER+ACI-,+ACI-Publix+ACI-,
16324,+ACI-PPILLS ROLLS CIN IC+ACI-,+ACI-Publix+ACI-,
16325,+ACI-CALIFIA TSTD COCO+ACI-,+ACI-Publix+ACI-,
16326,+ACI-AURA ESS OIL+ACI-,+ACI-Kroger+ACI-,
16327,+ACI-CHESTER FRIES+ACI-,+ACI-Publix+ACI-,
16328,+ACI-EMP10YEE DISC+ACI-,+ACI-Kroger+ACI-,
16329,+ACI-DNTK FLSS PICK+ACI-,+ACI-Kroger+ACI-,
16330,+ACI-OSCMHOTDDOG+ACI-,+ACI-Kroger+ACI-,
16331,+ACI-WT POTATOES RUSSETT+ACI-,+ACI-Publix+ACI-,
16332,+ACI-KMC SCANED COUON+ACI-,+ACI-Kroger+ACI-,
16333,+ACI-PPRSLBREAD+ACI-,+ACI-Kroger+ACI-,
16334,+ACI-FORBEING ONE+ACI-,+ACI-Kroger+ACI-,
16335,+ACI-WTT ONIONS VIDAL PPC+ACI-,+ACI-Kroger+ACI-,
16336,+ACI-CELENTANO ITL MTBL+ACI-,+ACI-Kroger+ACI-,
16337,+ACI-DDELM PEACHES+ACI-,+ACI-Kroger+ACI-,
16338,+ACI-WIPES PPC+ACI-,+ACI-Kroger+ACI-,
16339,+ACI-CORN SWEETT PPC+ACI-,+ACI-Kroger+ACI-,
16340,+ACI-PENCIL POUCH+ACI-,+ACI-Kroger+ACI-,
16341,+ACI-MOUNTAIN DEW PC 3+ACI-,+ACI-Kroger+ACI-,
16342,+ACI-MAGGI SWEETCCHILI+ACI-,+ACI-Publix+ACI-,
16343,+ACI-K PACK GELATIN+ACI-,+ACI-Kroger+ACI-,
16344,+ACI-GRAHAMS+ACI-,+ACI-Kroger+ACI-,
16345,+ACI-WTT TOMATOESROMA VL+ACI-,+ACI-Kroger+ACI-,
16346,+ACI-T ONE 50 FUEL PT BONUS PER+ACI-,+ACI-Kroger+ACI-,
16347,+ACI-2 FOR 79+ACI-,+ACI-Publix+ACI-,
16348,+ACI-THAIKTNOODLES+ACI-,+ACI-Kroger+ACI-,
16349,+ACI-ANDES CRMDE MENT+ACI-,+ACI-Publix+ACI-,
16350,+ACI-PFCCHEESEGOLDFISHH+ACI-,+ACI-Kroger+ACI-,
16351,+ACI-RAV MTBLS+ACI-,+ACI-Kroger+ACI-,
16352,+ACI-BBUSHFFRIJOLES NEG+ACI-,+ACI-Publix+ACI-,
16353,+ACI-PUB FZ GR BN WHOLE+ACI-,+ACI-Publix+ACI-,
16354,+ACI-SUNKISTGRP+ACI-,+ACI-Kroger+ACI-,
16355,+ACI-FFRENCHHHMBRGR BUNS+ACI-,+ACI-Publix+ACI-,
16356,+ACI-CHKRSRALLY FRIES+ACI-,+ACI-Kroger+ACI-,
16357,+ACI-OLORCH BERRY BLENDPC+ACI-,+ACI-Kroger+ACI-,
16358,+ACI-MICH SHRIMP+ACI-,+ACI-Kroger+ACI-,
16359,+ACI-AL FRESCO CTRY STL+ACI-,+ACI-Kroger+ACI-,
16360,+ACI-STO GROUND TURKEY+ACI-,+ACI-Kroger+ACI-,
16361,+ACI-JONE DAIRY SAUSAGEPC+ACI-,+ACI-Kroger+ACI-,
16362,+ACI-LA CHOY NOODLES+ACI-,+ACI-Publix+ACI-,
16363,+ACI-SAVEUPTTO+ACI-,+ACI-Kroger+ACI-,
16364,+ACI-WHOLLY GUAC 100 CA+ACI-,+ACI-Kroger+ACI-,
16365,+ACI-PUB PAPPLE CHK NJ+ACI-,+ACI-Publix+ACI-,
16366,+ACI-SENIOR 5X+ACI-,+ACI-Kroger+ACI-,
16367,+ACI-WT PARSNIPS+ACI-,+ACI-Kroger+ACI-,
16368,+ACI-PUBLIX SOFT SHEETS+ACI-,+ACI-Publix+ACI-,
16369,+ACI-G 5 FOR 500+ACI-,+ACI-Publix+ACI-,
16370,+ACI-WW STRNG CHS+ACI-,+ACI-Kroger+ACI-,
16371,+ACI-0 HTDG BUN PPC+ACI-,+ACI-Kroger+ACI-,
16372,+ACI-KL AID JAMERS+ACI-,+ACI-Kroger+ACI-,
16373,+ACI-KROGE SAVINGS+ACI-,+ACI-Publix+ACI-,
16374,+ACI-WTT POTATOES RUSSETT+ACI-,+ACI-Kroger+ACI-,
16375,+ACI-KRC CHEESE+ACI-,+ACI-Kroger+ACI-,
16376,+ACI-LA PREFBLK BEAN+ACI-,+ACI-Kroger+ACI-,
16377,+ACI-RSPBRY+ACI-,+ACI-Kroger+ACI-,
16378,+ACI-KKRO CNTR GRV+ACI-,+ACI-Kroger+ACI-,
16379,+ACI-DOLE SPN CHR AL+ACI-,+ACI-Kroger+ACI-,
16380,+ACI-LYSOL WIPEMORNBR+ACI-,+ACI-Publix+ACI-,
16381,+ACI-TURKEY HILL TEAA PPC+ACI-,+ACI-Kroger+ACI-,
16382,+ACI-HRSHY ALMOND+ACI-,+ACI-Kroger+ACI-,
16383,+ACI-LYSOL SPRAY LINEN+ACI-,+ACI-Publix+ACI-,
16384,+ACI-KRO TUSSIN+ACI-,+ACI-Kroger+ACI-,
16385,+ACI-OBAKING CHIPS+ACI-,+ACI-Kroger+ACI-,
16386,+ACI-LBBACON+ACI-,+ACI-Kroger+ACI-,
16387,+ACI-9 FRITO LAY+ACI-,+ACI-Kroger+ACI-,
16388,+ACI-PFRM POTATO BN+ACI-,+ACI-Kroger+ACI-,
16389,+ACI-N COFFEE+ACI-,+ACI-Kroger+ACI-,
16390,+ACI-TACO BELLDINNER+ACI-,+ACI-Kroger+ACI-,
16391,+ACI-DISCOUNTNOT AVAILABLE IN+ACI-,+ACI-Kroger+ACI-,
16392,+ACI-IINTD CREAMER+ACI-,+ACI-Kroger+ACI-,
16393,+ACI-OREYER BARS+ACI-,+ACI-Kroger+ACI-,
16394,+ACI-KKRO BAKING PWDR+ACI-,+ACI-Kroger+ACI-,
16395,+ACI-CTO BLEACHH+ACI-,+ACI-Publix+ACI-,
16396,+ACI-ATHN CRM FTA PPC+ACI-,+ACI-Kroger+ACI-,
16397,+ACI-WNENTREE+ACI-,+ACI-Publix+ACI-,
16398,+ACI-WT DDOLEEBANANAS+ACI-,+ACI-Kroger+ACI-,
16399,+ACI-SVE UP 0+ACI-,+ACI-Kroger+ACI-,
16400,+ACI-PRSL TKYBRS+ACI-,+ACI-Kroger+ACI-,
16401,+ACI-BBRHD PEPPERONI+ACI-,+ACI-Safeway+ACI-,
16402,+ACI-STAX+ACI-,+ACI-Kroger+ACI-,
16403,+ACI-HVST SSN KALE ORG+ACI-,+ACI-Kroger+ACI-,
16404,+ACI-COLG BK SD PRX TP+ACI-,+ACI-Kroger+ACI-,
16405,+ACI-PRK WTR+ACI-,+ACI-Kroger+ACI-,
16406,+ACI-WT SQUASH ORG+ACI-,+ACI-Kroger+ACI-,
16407,+ACI-JOAN OF ARC BEANS+ACI-,+ACI-Kroger+ACI-,
16408,+ACI-CBAD BEEFPRAVIOLI+ACI-,+ACI-Kroger+ACI-,
16409,+ACI-KNORR BOUILLON+ACI-,+ACI-Kroger+ACI-,
16410,+ACI-DOLE DCD PCH 100J+ACI-,+ACI-Publix+ACI-,
16411,+ACI-TAMPAX AMPONS+ACI-,+ACI-Kroger+ACI-,
16412,+ACI-GM LUCKY CHARMS PPC+ACI-,+ACI-Publix+ACI-,
16413,+ACI-KRO MICONZLE+ACI-,+ACI-Kroger+ACI-,
16414,+ACI-TKY BRS GNG+ACI-,+ACI-Kroger+ACI-,
16415,+ACI-D PASTA+ACI-,+ACI-Publix+ACI-,
16416,+ACI-NIVEA CREAM+ACI-,+ACI-Kroger+ACI-,
16417,+ACI-MOTTS APPLESAUCE PPC+ACI-,+ACI-Kroger+ACI-,
16418,+ACI-D DRINKMIX+ACI-,+ACI-Publix+ACI-,
16419,+ACI-PK SPARERIBS+ACI-,+ACI-Kroger+ACI-,
16420,+ACI-PINEAPPLE 14 SLCD+ACI-,+ACI-Kroger+ACI-,
16421,+ACI-FRSKIES CHKNGRVY+ACI-,+ACI-Publix+ACI-,
16422,+ACI-XLGR HASS AVOCADOS+ACI-,+ACI-Safeway+ACI-,
16423,+ACI-WT GRAES+ACI-,+ACI-Kroger+ACI-,
16424,+ACI-MFG CPNSWINGS+ACI-,+ACI-Kroger+ACI-,
16425,+ACI-FBRC SFTR+ACI-,+ACI-Kroger+ACI-,
16426,+ACI-KRO PIE CRST PPC+ACI-,+ACI-Kroger+ACI-,
16427,+ACI-YUM YUM SAUCE+ACI-,+ACI-Kroger+ACI-,
16428,+ACI-VERIFIEDDEAIPIN+ACI-,+ACI-Kroger+ACI-,
16429,+ACI-KRO PINAPPLE JUICEPC+ACI-,+ACI-Kroger+ACI-,
16430,+ACI-FRUTTARE FRUITBAR+ACI-,+ACI-Publix+ACI-,
16431,+ACI-RROCKSTAR ENERGY+ACI-,+ACI-Kroger+ACI-,
16432,+ACI-HOSTBROWNIES+ACI-,+ACI-Kroger+ACI-,
16433,+ACI-PBX ITLN HL SUB+ACI-,+ACI-Publix+ACI-,
16434,+ACI-CRLTDRIINK MIX+ACI-,+ACI-Kroger+ACI-,
16435,+ACI-HOST+ACI-,+ACI-Kroger+ACI-,
16436,+ACI-MFG CN SVINGS+ACI-,+ACI-Kroger+ACI-,
16437,+ACI-WTT ONIONS REDJUMBO+ACI-,+ACI-Publix+ACI-,
16438,+ACI-EZ SUPERROASTER+ACI-,+ACI-Publix+ACI-,
16439,+ACI-N0 HNY OATBREAD+ACI-,+ACI-Publix+ACI-,
16440,+ACI-SARA PRK HAM+ACI-,+ACI-Kroger+ACI-,
16441,+ACI-BBFG MUFFIINS+ACI-,+ACI-Kroger+ACI-,
16442,+ACI-2 FOR 69+ACI-,+ACI-Kroger+ACI-,
16443,+ACI-HLTHCH STEAMER+ACI-,+ACI-Kroger+ACI-,
16444,+ACI-LIPTON SOUPMIX PPC+ACI-,+ACI-Kroger+ACI-,
16445,+ACI-TZELS+ACI-,+ACI-Kroger+ACI-,
16446,+ACI-HFFY PLATES+ACI-,+ACI-Kroger+ACI-,
16447,+ACI-VITD WHLMILKPC+ACI-,+ACI-Kroger+ACI-,
16448,+ACI-MR SHELL GC+ACI-,+ACI-Kroger+ACI-,
16449,+ACI-PUB RD WNE VNGR+ACI-,+ACI-Publix+ACI-,
16450,+ACI-KRO VIITD WHL MIILKPC+ACI-,+ACI-Kroger+ACI-,
16451,+ACI-STFR COOKIES+ACI-,+ACI-Kroger+ACI-,
16452,+ACI-SIGGIS YOGURT PPC+ACI-,+ACI-Kroger+ACI-,
16453,+ACI-NPTH ORG OATMEAL+ACI-,+ACI-Kroger+ACI-,
